tweet_id,author_id,in_response_to_tweet_id,created_at,text,response_tweet_id
269,AmazonHelp,272,Wed Nov 22 09:23:01 +0000 2017,@115770 こんにちは、アマゾン公式です。Fire TV Stickが見れないというのは、どのような状況でしょうか。一般的なトラブルシューティングを記載したヘルプがございますので、ご参照ください。https://t.co/2pbG55qJ7h ET,269
273,AmazonHelp,271,Wed Nov 22 09:40:27 +0000 2017,@115770 カスタマーサービスにてお問い合わせ済みとのことで、お手数をおかけいたしました。リプライいただきありがとうございました。ET,273
275,AmazonHelp,274,Wed Nov 22 10:06:26 +0000 2017,@115770 恐れ入ります。至らない点も多々あるかとは存じますが、今後ともどうぞよろしくお願いします。ET,275
324,AmazonHelp,325,Wed Nov 22 09:06:00 +0000 2017,@115792 ご不便をおかけしております。アプリをご利用でしょうか。強制停止&gt;端末の再起動にて改善する場合がございますので、お試しください。改善しない場合は、状況を確認しご案内させていただきますのでこちらからカスタマーサービスまでご連絡ください。https://t.co/NtNAX2Qh2u ET,324
615,AmazonHelp,617,Tue Oct 31 22:29:00 +0000 2017,"@115820 I'm sorry we've let you down! Without providing any personal information, will you describe the issue? We'd love to help. ^TN",615
618,AmazonHelp,616,Tue Oct 31 23:28:00 +0000 2017,@115820 We'd like to take a further look into this with you! Please reach us by phone or chat here: https://t.co/hApLpMlfHN ^AG,618
620,AmazonHelp,621,Tue Oct 31 22:28:34 +0000 2017,"@115822 I am unable to affect your account via Twitter. For real time support, phone or chat use this link: https://t.co/hApLpMlfHN ^CH",620
622,AmazonHelp,624,Tue Oct 31 22:28:00 +0000 2017,"@115824 Hi, wir erhalten die Filme/Serien so vom jeweiligen Studio. Gebe ich aber direkt als Feedback dorthin weiter. Gruß ^JS",622
625,AmazonHelp,623,Tue Oct 31 22:34:32 +0000 2017,@115824 Wir haben zu danken. Schönen Abend noch. ^JS,625
626,AmazonHelp,628,Tue Oct 31 22:28:00 +0000 2017,@115826 I'm sorry for the wait. You'll receive an email as soon as we have an estimated delivery date. ^FJ,626
629,AmazonHelp,627,Wed Nov 01 12:53:34 +0000 2017,@115827 Thanks for your patience. ^KM,629
631,AmazonHelp,632,Tue Oct 31 22:27:00 +0000 2017,@115829 I'm sorry your order arrived in this condition! Please reach out to us for available options: https://t.co/JzP7hlA23B ^DG,631
633,AmazonHelp,634,Tue Oct 31 22:26:37 +0000 2017,@115831 I'm sorry for the wait. Please reach out to us so we can take a closer look at this delivery: https://t.co/JzP7hlA23B ^SH,633
635,AmazonHelp,636,Tue Oct 31 22:26:07 +0000 2017,@115832 Alexa says both styles are working for you! My vote goes to the Flamingo look! ^SE,635
637,AmazonHelp,638,Tue Oct 31 22:26:07 +0000 2017,@115834 Were you able to reach us at the link DW provided? ^TR,637
639,AmazonHelp,640,Tue Oct 31 01:09:35 +0000 2017,"@115834 The Echo Show is supported, please reach us for some live troubleshooting at your convenience: https://t.co/hApLpMlfHN ^DW",639
642,AmazonHelp,643,Tue Oct 31 00:52:39 +0000 2017,"@115834 Oh no, I'm sorry for the issues! For troubleshooting, please check out our Echo Help pages here: https://t.co/a31c4ynHES ^SG",642
644,AmazonHelp,646,Tue Oct 31 22:25:27 +0000 2017,@115835 I'm so sorry you didn't receive your parcel! We'd like a chance to look into this with you here: https://t.co/JzP7hlA23B ^SY,644
647,AmazonHelp,645,Wed Nov 01 08:11:34 +0000 2017,@115835 You can also request a call back here Martin https://t.co/zH8UlhTGcc ^KM,647
648,AmazonHelp,649,Tue Oct 31 22:24:47 +0000 2017,@115836 Thanks for bringing this to our attention! Please also leave packing feedback here: https://t.co/PMiShxgPvp so we may improve.^KL,648
650,AmazonHelp,652,Tue Oct 31 22:24:47 +0000 2017,@115838 Oh no! We want to hear more about your experience with AMZL. Please provide your feedback here: https://t.co/hApLpMlfHN ^SH,650
653,AmazonHelp,651,Tue Oct 31 22:52:02 +0000 2017,"@115838 Is there a current order you're having difficulties with? Please let us know, we'd like to help! ^KL",653
655,AmazonHelp,654,Tue Oct 31 23:07:33 +0000 2017,@115838 Provide your details here: https://t.co/6f6cWZv7vm and my team will escalate the order to Amazon Logistics for feedback. ^EZ,655
656,AmazonHelp,657,Tue Oct 31 22:21:10 +0000 2017,@115839 Let us know if there’s anything else we can do for you! We're happy to help out any way we can! ^FR,656
658,AmazonHelp,659,Tue Oct 31 22:11:00 +0000 2017,@115839 I'm sorry your book arrived this way! You can find replacement/refund options here: https://t.co/zRrkpVcaDF ^VS,658
660,AmazonHelp,661,Tue Oct 31 22:21:01 +0000 2017,@115840 ¡Que lindoooooooooo! 😍🐶🎃 ^JJ https://t.co/YSOVnjaPrO,660
663,AmazonHelp,664,Tue Oct 31 22:20:34 +0000 2017,@115842 Oh no! Please contact us via phone/chat here: https://t.co/JzP7hlA23B We're unable to view order details via Twitter. ^KL,663
665,AmazonHelp,667,Tue Oct 31 22:19:29 +0000 2017,@115843 You're not lion! She even shows witch way is up! That's quite the wardrobe! ^AC,665
668,AmazonHelp,670,Tue Oct 31 22:18:00 +0000 2017,@115844 Oh my! I'm sorry for the troubles! Contact us by Phone or Chat: https://t.co/JzP7hlA23B &amp; we'll be glad to help! ^FR,668
675,AmazonHelp,676,Tue Oct 31 22:17:27 +0000 2017,@115846 That's okay! Thanks for checking! Please contact us by phone or chat and we can look into this: https://t.co/hApLpMlfHN ^BN,675
680,AmazonHelp,681,Tue Oct 31 22:17:00 +0000 2017,@115848 I'm sorry for the trouble this has caused you; please contact us so we may lend you a hand: https://t.co/hApLpMlfHN ^WM,680
684,AmazonHelp,686,Tue Oct 31 22:17:00 +0000 2017,@115849 Please share your details here:https://t.co/GIJyeYqKE0 and I'll get back to you. 2/2 ^HD,684
687,AmazonHelp,685,Wed Nov 01 05:32:57 +0000 2017,@115849 Thanks for confirming that the details have been shared. Our team will give it a look and reach out shortly. ^AB,687
689,AmazonHelp,690,Tue Oct 31 21:54:32 +0000 2017,@115849 Please report this to our support team here: https://t.co/TdDksLo6Mf and we'll look into this. 2/2 ^HD,689
692,AmazonHelp,693,Tue Oct 31 22:16:00 +0000 2017,@115852 We still offer discounts on eligible physical game pre-orders. For further details on Prime benefits: https://t.co/80y2YnlQGJ ^MB,692
694,AmazonHelp,695,Tue Oct 31 22:15:28 +0000 2017,@115853 I'm sorry we let you down! We'd like to make sure this is addressed. Please provide some details here: https://t.co/z6evtFsZI5 ^BN,694
1692,AmazonHelp,1695,Tue Oct 31 22:43:00 +0000 2017,@116081 Hey Georgia! Sorry you haven't received your package. We'd love to help! What does the current tracking say on your order? ^AJ,1692
1696,AmazonHelp,1693,Tue Oct 31 22:58:00 +0000 2017,@116081 I'm sorry for the delay! We'd like to take a further look into this with you! Please reach us here: https://t.co/hApLpMlfHN ^AG,1696
1697,AmazonHelp,1699,Tue Oct 31 22:42:00 +0000 2017,@116082 Canceling your Prime membership can be done here:https://t.co/MlOxxuNX7N. You'll be shown your estimated refund there. ^SK,1697
1700,AmazonHelp,1698,Tue Oct 31 22:52:33 +0000 2017,@116082 Hey Corey! Even on the new account you made you can turn of the auto renew through the same link ^SK posted for you. ^AJ,1700
1704,AmazonHelp,1701,Tue Oct 31 23:06:00 +0000 2017,@116082 It would be best if you get in touch with us by phone or chat.use this link to do so: https://t.co/hApLpMlfHN ^CH,1704
1705,AmazonHelp,1706,Tue Oct 31 22:42:00 +0000 2017,@116083 I'm sorry to hear you're not able to access your account. Please use this link instead to contact us: https://t.co/zYVX1Qi29G. ^LH,1705
1707,AmazonHelp,1708,Tue Oct 31 19:11:00 +0000 2017,@116083 Hmm... We'd like to take a better look at this with you. Please reach us via phone/chat here: https://t.co/JzP7hlA23B ^KP,1707
1709,AmazonHelp,1710,Tue Oct 31 22:41:11 +0000 2017,@116084 I'm sorry you've encountered an unknown charge! We'd be happy to look into this with you here: https://t.co/hApLpMlfHN ^BL,1709
1711,AmazonHelp,1713,Tue Oct 31 22:41:00 +0000 2017,@116085 Thanks for reaching out to us! You can find info on adding household members here: https://t.co/i3uumZzaok ^MO,1711
1714,AmazonHelp,1715,Tue Oct 31 22:40:00 +0000 2017,@116086 Sorry for the inconvenience! Check out how to manage your notifications here: https://t.co/DLN4bDuc5B ^SG,1714
1716,AmazonHelp,1718,Tue Oct 31 22:39:27 +0000 2017,@116087 I'm sorry for the long wait; what is your current order status showing when you review it: https://t.co/Y5jpI9gRhE? ^WM,1716
1719,AmazonHelp,1717,Tue Oct 31 22:44:33 +0000 2017,"@116087 Thank you for keeping us posted, Rachael! ^BA",1719
1720,AmazonHelp,1722,Tue Oct 31 22:36:00 +0000 2017,"@116088 I'm sorry for the frustration, Anthony! Can you tell me more about which pre-order bonuses are missing? ^EA",1720
1723,AmazonHelp,1721,Tue Oct 31 22:47:28 +0000 2017,"@116088 We'd like to see what we can do to help. What date did you place the order on, and which version did you order? ^MB",1723
1725,AmazonHelp,1724,Tue Oct 31 23:04:01 +0000 2017,@116088 Could you link us to the page of the item on our website? This will allow us to take a closer look at all options. ^VB,1725
1727,AmazonHelp,1726,Tue Oct 31 23:31:00 +0000 2017,@116088 Thanks for the link. We are not a participating retailer to receive the bonus content. Details: https://t.co/hJIrBtSMrl ^BE,1727
1734,AmazonHelp,1736,Tue Oct 31 22:35:00 +0000 2017,@116091 Oh no! I'm so sorry to hear this. Was the item sold by Amazon directly or Third-party seller: https://t.co/aaDyEz1VgE. ^LH,1734
1737,AmazonHelp,1735,Tue Oct 31 22:47:00 +0000 2017,"@116091 We'd like to look into this with you in real time, Bry. When you can, please ring or chat in with us: https://t.co/JzP7hlA23B ^BL",1737
1739,AmazonHelp,1741,Tue Oct 31 22:34:00 +0000 2017,"@116092 Oh no, Barton! Have you tried uninstalling and re-installing the app? Perhaps a power cycle too? Please let us know. ^KL",1739
1742,AmazonHelp,1740,Sat Nov 04 01:48:57 +0000 2017,@116092 Sorry you're still having trouble! What error are you seeing when you try to use the app? ^JP,1742
1743,AmazonHelp,1745,Tue Oct 31 22:32:29 +0000 2017,"@116093 Oh no! We'd like to help you with this, Kelly! Can you tell us more about what's happening with the Kindle? Thanks! ^AJ",1743
1746,AmazonHelp,1744,Tue Oct 31 22:56:37 +0000 2017,@116093 No problem! You may need to deregister the Kindle from the old account. You can see how here: https://t.co/zyUJKBZObw ^AJ,1746
1747,AmazonHelp,1748,Tue Oct 31 22:32:27 +0000 2017,"@116094 (2/2) Also, for your security, I'd recommend deleting the image, as it contains your tracking number. ^WT",1747
1749,AmazonHelp,1748,Tue Oct 31 22:31:00 +0000 2017,@116094 I'm so sorry! We'd like to make sure this is addressed. Please provide some details here: https://t.co/KctVgMFvbp (1/2),1749
1750,AmazonHelp,1752,Tue Oct 31 22:29:27 +0000 2017,@116095 I'm sorry you received an incorrect item. Have you checked out our return/replacement options here: https://t.co/FRsodhtXKJ? ^FJ,1750
2532,AmazonHelp,2533,Tue Oct 31 22:59:00 +0000 2017,@116312 わざわざご連絡をいただき、ありがとうございます。問題が改善されたようで、何よりでございます。万が一再度お困りのことがございましたら、ご遠慮なくお知らせください🙏 YM,2532
2534,AmazonHelp,2535,Sun Oct 29 11:54:00 +0000 2017,@116312 こちらこそリプライいただきありがとうございます！ご様子を見ていただき、改善されない場合、お早目にカスタマーサービスにご連絡いただければと存じます。よろしくお願いいたします m(_ _)m HM,2534
2536,AmazonHelp,2537,Sun Oct 29 09:21:25 +0000 2017,@116312 かしこまりました。端末、ルーター、モデムを再起動し改善するかお試しください。https://t.co/mUMGYDqPEM 改善しない場合、カスタマーサービスにお知らせください。https://t.co/NtNAX37Sr4 ET https://t.co/kp0Ug6rMsZ,2536
2538,AmazonHelp,2539,Sun Oct 29 08:55:53 +0000 2017,@116312 アマゾンです。お困りの状況が特定できないのですが、エラーメッセージや画面の状況、操作方法など詳しい状況を教えていただけますか。ご利用端末はテレビですかPS4などのゲーム機でしょうか。ET,2538
2542,AmazonHelp,2544,Tue Oct 31 22:58:28 +0000 2017,@116314 How long has it been since you've e-mailed the seller? ^TR,2542
2545,AmazonHelp,2543,Tue Oct 31 23:25:31 +0000 2017,"@116314 Please allow 48 hours for the seller to respond, Allen. Let us know how it works out and if we can help with anything else! ^CN",2545
2546,AmazonHelp,2547,Tue Oct 31 20:26:00 +0000 2017,@116314 We're unable to view any account information via Twitter. What's the current tracking shown here: https://t.co/aaDyEz1VgE? ^AG,2546
2548,AmazonHelp,2549,Tue Oct 31 19:38:28 +0000 2017,@116314 I'm sorry you haven't received it yet! Have you had an e-mail regarding the order? Please check junk/spam and let us know! ^TG,2548
2550,AmazonHelp,2551,Tue Oct 31 22:58:27 +0000 2017,"@116315 Du kannst bei den Kategorien ""Bücher"" oder ""Bücher Fremdsprachig"" auswählen, wobei ersteres deinem Wunsch entspricht. Gruß ^JS",2550
2552,AmazonHelp,2553,Tue Oct 31 17:16:26 +0000 2017,"@116315 Hi, just a question at the beginning - do you prefer answers in German or English? ^NW",2552
2554,AmazonHelp,2556,Tue Oct 31 22:58:27 +0000 2017,"@116317 I'm so sorry for the late delivery, Kimmie! Our carriers can deliver until 8 PM, please keep us updated on its arrival. ^BE",2554
2557,AmazonHelp,2555,Wed Nov 01 02:15:00 +0000 2017,@116317 I'm sorry that it still hasn't arrived. Please contact us so that we can look into this together: https://t.co/hApLpMlfHN ^EA,2557
2558,AmazonHelp,2559,Tue Oct 31 22:49:00 +0000 2017,@116317 Hello! We'd love to help. Can you tell us a bit more about what's happening? ^EB,2558
2560,AmazonHelp,2561,Tue Oct 31 22:57:00 +0000 2017,@116318 We'd like to take a closer look into this refund for you. Please reach us at:https://t.co/JzP7hlA23B ^CC,2560
2564,AmazonHelp,2565,Tue Oct 31 22:54:27 +0000 2017,"@116319 I'm sorry it hasn't arrived! Please reach us here: https://t.co/e6dQwzp386, so we can look into available options. ^SJ",2564
2566,AmazonHelp,2568,Tue Oct 31 22:50:35 +0000 2017,"@116320 Most items are readily available for shipping; however, some aren't and may have a longer processing time than others. ^QJ",2566
2569,AmazonHelp,2570,Tue Oct 31 22:50:35 +0000 2017,"@116321 I would like someone from our team to take a look into this for you, Sanu. Please reach out here: https://t.co/QtC7bueYoR ^LA",2569
2571,AmazonHelp,2572,Tue Oct 31 22:13:52 +0000 2017,@116321 Have you had a chance to speak with your bank regarding the refund? ^EA,2571
2573,AmazonHelp,2574,Tue Oct 31 21:58:00 +0000 2017,@116321 When you last contacted us what information did we provide? Have you spoken with your bank to see if they have the refund? ^LR,2573
2575,AmazonHelp,2577,Tue Oct 31 21:39:30 +0000 2017,"@116321 I'm sorry for the frustration! Without giving personal/account details, could you tell us a bit more about what's going on? ^DG",2575
2578,AmazonHelp,2580,Tue Oct 31 22:49:00 +0000 2017,"@116322 I'm sorry for the frustration! Without giving account/personal details, can you please provide us with more info? ^AC",2578
2582,AmazonHelp,2581,Wed Nov 01 21:42:28 +0000 2017,@116322 We'd like to look deeper into this issue. Please provide us with more information here: https://t.co/wpDDiHUP4k. ^LH,2582
2583,AmazonHelp,2584,Tue Oct 31 22:48:00 +0000 2017,@116323 We're definitely here to help! Please reach out to us by phone here: https://t.co/JzP7hlA23B ^SE,2583
2585,AmazonHelp,2586,Tue Oct 31 20:48:00 +0000 2017,@116323 I'm sorry your order hasn't arrived yet! Please let us know if you haven't received it within 48 hours. ^EB,2585
2587,AmazonHelp,2591,Tue Oct 31 22:45:00 +0000 2017,@116325 We'd like another chance to look into this. Please reach out by phone or chat: https://t.co/hApLpMlfHN Please keep us updated. ^FJ,2587
2592,AmazonHelp,2594,Tue Oct 31 20:35:32 +0000 2017,@116325 Have you tried deleting the card from the account and re-adding it? Have you reached out to USPS about these deliveries? ^AF https://t.co/1XyLaGkcaN,2592
2595,AmazonHelp,2598,Tue Oct 31 20:04:28 +0000 2017,@116325 Can you tell us what insight / advice was provided with when you spoke with us last? We'd like to help if we can. ^BG,2595
2599,AmazonHelp,2602,Tue Oct 31 19:23:37 +0000 2017,"@116325 Sorry for the poor experience. Without giving any account information, could you tell us what's going on? We'd love top help! ^MH",2599
3654,AmazonHelp,3655,Wed Nov 22 10:13:29 +0000 2017,"@116586 Hi, you can edit your order at any time before it enters the dispatch process. To do this please check out our help page: https://t.co/wRa3FyXyBb ^KI",3654
3722,AmazonHelp,3724,Tue Oct 31 23:11:29 +0000 2017,"@116610 We'd like to take a look into this with you. When you have a moment, please reach out to us here: https://t.co/qy3J24VGxb ^AC",3722
3725,AmazonHelp,3726,Tue Oct 31 23:02:00 +0000 2017,@116610 Is everything in your basket eligible? You can find more info here: https://t.co/d1x19RiAXm Let us know if this helps! ^EB,3725
3727,AmazonHelp,3729,Tue Oct 31 23:11:29 +0000 2017,@116611 I'm sorry for the trouble! Have you tried the steps outlined here? https://t.co/POJ37mWiEk ^LA,3727
3730,AmazonHelp,3728,Tue Oct 31 23:15:34 +0000 2017,@116611 Hmm.... Let's take a closer look into what's going on here: https://t.co/jzvkhdlrK5 ^ML,3730
3731,AmazonHelp,3733,Tue Oct 31 23:07:02 +0000 2017,@116612 I'm sorry your account is locked! Please reach out directly to us here: https://t.co/jzvkhdlrK5 so we can take a closer look. ^TN,3731
3734,AmazonHelp,3732,Tue Oct 31 23:36:32 +0000 2017,"@116612 The link ^TN provided will allow you to contact us without signing in! Select ""skip log in"" and you'll be in touch in no time! ^VB",3734
3735,AmazonHelp,3737,Tue Oct 31 23:06:31 +0000 2017,@116613 Hier findest du alle Infos darüber: https://t.co/FSmvkW0SJB ^AS,3735
3738,AmazonHelp,3736,Wed Nov 01 05:10:28 +0000 2017,"@116613 Du hast die Möglichkeit, Amazon.de Geschenkkarten aus dem stationären Handel für deine Bestellungen einzulösen. Gruß ^DS",3738
3739,AmazonHelp,3740,Tue Oct 31 23:04:57 +0000 2017,@116614 Olá Georgiano. Sinto muito em saber disso. Por favor entre em contato com o nosso SAC no seguinte link: https://t.co/ouAOLcNWp4 ^JJ,3739
3741,AmazonHelp,3742,Tue Oct 31 23:01:36 +0000 2017,"@116615 Not what we like to hear at all, Ramya! Was this shipped by us or a seller? You can check here: https://t.co/PyACxvY8Qo ^BL",3741
3743,AmazonHelp,3744,Tue Oct 31 23:01:36 +0000 2017,@116616 ¿Puedes explicarnos bien el inconveniente y mandarnos los detalles en este enlace por favor? https://t.co/kUkXHFkYWd ^JJ,3743
3745,AmazonHelp,3746,Tue Oct 31 22:36:29 +0000 2017,"@116616 David, te recomendamos no compartir informaciones personales por este medio, te sugerimos editar o eliminar este mensaje. (1/2)",3745
3747,AmazonHelp,3749,Tue Oct 31 23:00:27 +0000 2017,@116617 Have you already tried a restart? Kind regards ^NW,3747
3750,AmazonHelp,3748,Wed Nov 01 05:04:00 +0000 2017,@116617 Is this still ongoing? What devices are you using? ^AN,3750
3752,AmazonHelp,3751,Wed Nov 01 09:58:00 +0000 2017,@116617 What devices are you using for Amazon Video? ^AN,3752
3754,AmazonHelp,3753,Wed Nov 01 10:24:27 +0000 2017,@116617 In this case please contact my colleagues via: https://t.co/LFLW8z8jr2 They will help you! Regards ^DW,3754
3755,AmazonHelp,3753,Thu Nov 02 10:25:31 +0000 2017,@116617 Hi! I just wanted to ask if my colleagues could assist you? Regards ^TA,3755
3757,AmazonHelp,3756,Thu Nov 02 10:47:31 +0000 2017,@116617 Changing language is just a simple click: https://t.co/CXXk5VglR4 You can reach our support here: https://t.co/aAfOxTGpe1 ^UK,3757
3758,AmazonHelp,3759,Tue Oct 31 23:00:27 +0000 2017,"@116619 I'm sorry your parcel wasn't delivered. Please reach us here: https://t.co/XRh1cqD2lT, so we can look into this with you. ^MO",3758
4787,AmazonHelp,4788,Tue Oct 31 23:25:39 +0000 2017,@116830 Oh no! Did we miss the expected delivery date from your confirmation e-mail here: https://t.co/OmqrPtDrzj Please let us know. ^KL,4787
4828,AmazonHelp,4829,Tue Oct 31 23:21:32 +0000 2017,@116845 I'm sorry for the trouble! Let's go over your available options here: https://t.co/JzP7hlA23B ^LL,4828
4830,AmazonHelp,4831,Tue Oct 31 23:21:32 +0000 2017,@116846 Alexa is a free download you will need to set-up your new Amazon Echo! You can learn more here: https://t.co/f8fHTB1Gs5 ^BN,4830
4832,AmazonHelp,4834,Tue Oct 31 23:20:32 +0000 2017,"@116847 Uh oh! If you can't recover it, please reach out to us here and we'll see what options are available: https://t.co/VoPytkt92p ^MB",4832
4836,AmazonHelp,4838,Wed Nov 22 10:38:51 +0000 2017,@116848 アマゾンです。重ねてのご案内となりますが、カスタマーサービスにて状況を確認させていただきます。こちらからお問い合わせください。https://t.co/NtNAX2Qh2u サインインが出来ない場合は、フリーダイヤル：0120-999-373へ直接ご連絡ください。ET,4836
4839,AmazonHelp,4837,Wed Nov 22 12:08:55 +0000 2017,@116848 恐れ入ります。調査結果を今しばらくお待ちくださいますようお願いいたします。リプライありがとうございました。 SM,4839
4846,AmazonHelp,4850,Tue Oct 31 23:20:32 +0000 2017,"@116849 I'm sorry. We can't access your account via Twitter. For assistance, please reach us here: https://t.co/jzvkhdlrK5 ^WT",4846
4851,AmazonHelp,4849,Thu Nov 02 15:12:37 +0000 2017,@116849 We want our team to investigate this further with you. Please reach out to us using the secure link: https://t.co/m1LX91jiEQ,4851
4852,AmazonHelp,4853,Tue Oct 31 18:05:02 +0000 2017,"@116849 I'm so sorry for the frustration, Luis. We should absolutely be able to help! Please contact us using the link TN provided. ^SD",4852
4854,AmazonHelp,4855,Tue Oct 31 14:13:27 +0000 2017,@116849 I'm sorry for the challenge signing in. Please use the link from above again so that we can help. Keep us updated! ^MH,4854
4856,AmazonHelp,4857,Tue Oct 31 02:36:31 +0000 2017,@116849 Please reach out to us directly here: https://t.co/jzvkhdlrK5 We'd love to help get you logged in! ^TN,4856
4858,AmazonHelp,4859,Tue Oct 31 00:47:34 +0000 2017,@116849 Sorry you're having problems logging in. Please let us know which Amazon site you are using (.com .es). Thanks. ^SE,4858
4860,AmazonHelp,4861,Tue Oct 31 23:17:37 +0000 2017,"@116850 Oh no! Have you had a chance to report this to us: https://t.co/CYqkdUakWJ? If so, what options and insight did we provide? ^GM",4860
4862,AmazonHelp,4864,Tue Oct 31 23:16:02 +0000 2017,"@116851 I'm sorry for the poor experience, Skylar. Were you given a reason for the delay? Check here: https://t.co/KhGfgWxX2q ^FD",4862
4865,AmazonHelp,4863,Tue Oct 31 23:57:00 +0000 2017,"@116851 To confirm, what does the latest tracking update show? Please check here: https://t.co/eR31oAnsW2 ^BE",4865
4867,AmazonHelp,4868,Tue Oct 31 23:16:00 +0000 2017,"@116852 I'm very sorry about your lost package, Lodi! We'd like to help! Please reach out to us here: https://t.co/hApLpMlfHN ^HM",4867
4945,AmazonHelp,4947,Sun Nov 26 00:29:27 +0000 2017,"@116874 Gracias por la información, Quirino. Por favor, contacta con nuestros colegas de Servicio al Cliente para una atención personalizada y puedan darte información precisa sobre tu paquete. Lo puedes hacer a través del siguiente enlace: https://t.co/beR78zMMYB ^LC",4945
4948,AmazonHelp,4946,Sun Nov 26 00:47:00 +0000 2017,@116874 ¡Nos alegra saberlo Quirino! Te agradecemos que nos hayas contactado y esperamos que puedas disfrutar de tu compra. Quedamos a tu servicio. ¡Saludos! ^PC,4948
4949,AmazonHelp,4950,Sun Nov 26 00:23:00 +0000 2017,@116874 Quirino al ingresar al correo de confirmación de compra te aparecerá un enlace en el cual esta el número de guía de tu pedido. También puedes utilizar la siguiente información para contactar con el transportista: https://t.co/mEKBC5rf63 ^PC,4949
4951,AmazonHelp,4952,Sun Nov 26 00:19:30 +0000 2017,"@116874 ¡Hola, Quirino! Lamentamos cualquier confusión generada, ¿te has puesto en contacto con el transportista asignado a la entrega? ^LC",4951
4953,AmazonHelp,4954,Sun Nov 26 00:28:50 +0000 2017,@116876 I'm sorry for the frustration! We'd like to investigate and escalate this to the correct team. Please send us your details here: https://t.co/z3ZEuyUDXX ^JP,4953
4955,AmazonHelp,4957,Sun Nov 26 00:27:57 +0000 2017,"@116877 I'm sorry for the ongoing trouble with your deliveries! Have you had a chance to contact us about this: https://t.co/JzP7hlA23B? If so, what information or options were we able to offer? ^SB",4955
4958,AmazonHelp,4956,Sun Nov 26 01:06:26 +0000 2017,@116877 Thanks for the additional information. Keep us posted on the arrival of your packages! Let us know if you have any further questions. ^SW,4958
5116,AmazonHelp,5117,Sun Nov 26 00:27:27 +0000 2017,"@116912 Thanks for reaching back out to us! If your item is not eligible for replacement, you can still return the item for a full refund instead. You can view your replacement and/or return options here: https://t.co/TGLNUK2VHy ^BN",5116
5118,AmazonHelp,5119,Sun Nov 26 00:17:29 +0000 2017,@116912 I'm sorry your items arrived in these conditions. Let's explore your return or replacement options here: https://t.co/RbboDygtAu ^GG,5118
5120,AmazonHelp,5121,Sun Nov 26 00:27:00 +0000 2017,"@116913 I'd like to have a member of our team ensure this is escalated to the correct teams for investigation. When you have a moment, please send us as many details as possible here: https://t.co/DFWr7dqiz5 ^SB",5120
5123,AmazonHelp,5124,Sun Nov 26 00:16:00 +0000 2017,"@116913 We'd like to make sure this is addressed, Eric. Would you tell us more about what happened? ^AM",5123
5126,AmazonHelp,5128,Sun Nov 26 00:24:37 +0000 2017,"@116914 I understand your frustration! Our team would like a chance to address this concern. At your convenience, include your details here: https://t.co/hKZOmv3DMU ^SJ",5126
5129,AmazonHelp,5127,Wed Nov 29 06:03:00 +0000 2017,@116914 I'm truly sorry for the inconvenience! We don't have access to your account via Twitter. We'd like to help if we can. Please connect with us here so we can assist you: https://t.co/hApLpMlfHN ^MO,5129
5130,AmazonHelp,5131,Sun Nov 26 00:09:00 +0000 2017,"@116914 I'm so sorry to hear your order was scanned as delivered when it wasn't. We'd like to help if we can. Just to confirm, who's the carrier shown on your order here: https://t.co/wBHsNpkyQZ? ^CC",5130
5132,AmazonHelp,5134,Sun Nov 26 00:23:27 +0000 2017,"@116915 I'm sorry for the frustration! We'd love to help but are unable to access your Amazon account via Twitter. You can view the latest tracking information for your order, including if it has shipped, here: https://t.co/Y5jpI9gRhE ^LR",5132
5135,AmazonHelp,5133,Sun Nov 26 00:31:00 +0000 2017,"@116915 If you would like to contact our support team via phone, please give us a call so we can review these details with you: 1-866-216-1072. ^WM",5135
5136,AmazonHelp,5137,Sun Nov 26 00:23:27 +0000 2017,@116916 I'm sorry you have received your item! Can you please tell us the intended delivery date stated in your order confirmation e-mail? ^AC,5136
5138,AmazonHelp,5139,Sun Nov 26 00:23:00 +0000 2017,@116917 I'm sorry for this wait. Has the tracking information on your order updated: https://t.co/Y5jpI9gRhE? Deliveries continue through to 8PM so please keep us in the loop on your order's arrival. Thank you. ^DO,5138
5140,AmazonHelp,5142,Sun Nov 26 00:22:33 +0000 2017,@116918 突然のリプライで、驚かせてしまってすみませんでした (´・ω・`) また、お困りごとやご不明点などあれば、ご遠慮なくお声がけくださいませ。 引き続き、Amazonをよろしくお願いします(o*。_。)oペコッ,5140
5143,AmazonHelp,5141,Sun Nov 26 00:35:28 +0000 2017,@116918 ( ´∀｀)bｸﾞｯ! TY,5143
5144,AmazonHelp,5145,Sun Nov 26 00:15:00 +0000 2017,@116918 一部の商品では、コンビニ・ATM・ネットバンキング・電子マネー払いが選択できない場合がございます。詳細は、下記ご参照ください。https://t.co/VcRraQMtn0 なお、クレジットカード以外でのお支払いをご希望の場合は、Amazonギフト券のご利用をご検討くださいませ。TY,5144
5146,AmazonHelp,5147,Sat Nov 25 23:55:31 +0000 2017,@116918 おはようございます！(＾◇＾) Amazonのお支払い方法にて、何かお困りでしたか？TY,5146
5148,AmazonHelp,5149,Sun Nov 26 00:21:26 +0000 2017,@116919 Very strange! Is your friend able to replicate the issue on his app? You might also need to try uninstalling and reinstalling the app. ^JP,5148
5150,AmazonHelp,5152,Sun Nov 26 00:21:00 +0000 2017,@116920 お褒めいただき('ω' )三('ω')三( 'ω')光栄ですっ！！ プライムの特典は様々ご準備しておりますので、ぜひご活用くださいませ~♪https://t.co/JVlaJGORZx TY,5150
5153,AmazonHelp,5151,Wed Nov 29 10:35:55 +0000 2017,@116920 ご愛顧いただき誠にありがとうございます！ 今後とも末永くどうぞよろしくお願いいたします♪┗(＾ω＾)┛ SM,5153
5154,AmazonHelp,5156,Sun Nov 26 00:20:30 +0000 2017,"@116921 Appreciate your kind words, Dhiraj. Enjoy your weekend. :) ^MK",5154
5157,AmazonHelp,5155,Sun Nov 26 00:31:30 +0000 2017,@116921 You're welcome Dhiraj. :),5157
5280,AmazonHelp,5282,Sun Nov 26 00:20:00 +0000 2017,"@116922 Oh no! I'm sorry to hear your order hasn't arrived! Have you had a chance to contact us about this issue? If so, what options were we able to provide? We want to make sure this issue has been resolved for you! ^BN",5280
5283,AmazonHelp,5285,Sun Nov 26 00:19:30 +0000 2017,"@116923 We'd like to help in any way we can, Juan! I've enabled direct messaging. Without providing personal or account information, please tell us a little more about what's going on. ^FD https://t.co/1XyLaGkcaN",5283
5286,AmazonHelp,5284,Sun Nov 26 00:46:00 +0000 2017,@116923 Thanks for the information. We've responded to your DM. ^GG,5286
5287,AmazonHelp,5288,Sun Nov 26 00:19:00 +0000 2017,@116924 ご心配をおかけしております。 配送業者にすでにご確認中とのことですので、一旦配送業者からの回答をお待ちくださいませ。 なお、配送業者からの回答をお待ちいただいても商品がお手元に届かない場合は、下記URLよりカスタマーサービスにご連絡ください。https://t.co/bwBU0NvYIn TY,5287
5289,AmazonHelp,5291,Sun Nov 26 00:18:28 +0000 2017,@116925 Kindly reach out our support team here: https://t.co/TdDksLo6Mf for more details on account closure. ^MK,5289
5292,AmazonHelp,5293,Sun Nov 26 00:18:28 +0000 2017,@116926 Puedes también comunicarte a través del siguiente enlace de contacto para que se revise tu caso: https://t.co/hWMtJrYuBU ^PC,5292
5294,AmazonHelp,5296,Sun Nov 26 00:09:00 +0000 2017,"@116926 ¡Hola! Lamentamos cualquier molestia ocasionada, ¿puedes contarnos lo sucedido? ^LC",5294
5297,AmazonHelp,5298,Sun Nov 26 00:18:28 +0000 2017,@116927 Hola Val Damon. Puedes hacer una prueba gratuita de Prime Video si nunca lo has usado. Accesa este enlace: https://t.co/Ce2tgqK8PV ^JJ,5297
5299,AmazonHelp,5300,Sun Nov 26 00:17:00 +0000 2017,@116929 Awesome! Enjoy! ^BL,5299
5301,AmazonHelp,5302,Sun Nov 26 00:16:31 +0000 2017,@116930 Amazonをご利用いただき、ありがとうございます！ またのご利用お待ちしております(*´︶`*) TY,5301
5303,AmazonHelp,5304,Sun Nov 26 00:16:00 +0000 2017,"@116931 Please try asking Alexa to stop playing your music, and then ask her to play your music again, but without referencing the ""Multi-Room Music group"" you were previously using: https://t.co/gR1MEFl0If ^JR",5303
5306,AmazonHelp,5308,Sun Nov 26 00:15:31 +0000 2017,@116932 Gotcha- Let us know if you haven't heard back from them on Tuesday. ^BL,5306
5309,AmazonHelp,5310,Sat Nov 25 23:58:37 +0000 2017,@116932 Can you tell us when this information was submitted? Account Specialists can take up to 2 business days to investigate an account when the information has been sent. ^EZ,5309
5311,AmazonHelp,5312,Sat Nov 25 23:45:03 +0000 2017,@116932 Did information get sent to our Accounts Specialists to look into when you contacted in? ^DO,5311
5313,AmazonHelp,5315,Sat Nov 25 14:53:26 +0000 2017,"@116932 Thanks for letting us know about this, Jon. We're here to help! We can be reached 24/7 here: https://t.co/hApLpMlfHN. Please do keep us in the loop. ^BL",5313
5316,AmazonHelp,5317,Sun Nov 26 00:15:31 +0000 2017,@116933 Danke :-),5316
5318,AmazonHelp,5319,Sun Nov 26 00:05:51 +0000 2017,@116933 Bei unzustellbaren Sendungen wird gewöhnlich nach Bearbeitung der Retoure eine Erstattung veranlasst. Den Grund können wir von hier aus leider nicht einsehen. Bei Fragen hierzu kannst du dich gerne per E-mail/Telefon an unseren Kundenservice wenden. Schönen Abend ^MH,5318
5320,AmazonHelp,5322,Sun Nov 26 00:13:55 +0000 2017,@116934 Listen ad-free with unlimited skips with Music Unlimited. Stream on!! ^RR,5320
5326,AmazonHelp,5328,Sun Nov 26 00:13:26 +0000 2017,"@116936 Prime shipping refers to transit time after your orders ship, in working days. Some orders require additional processing and handling. The delivery date shown at checkout is the most accurate. ^LR",5326
5329,AmazonHelp,5327,Sun Nov 26 10:01:53 +0000 2017,@116936 Some deliveries may take slightly longer than usual. You can read more information on here: https://t.co/VrNzEOwawt ^KI,5329
5330,AmazonHelp,5331,Sat Nov 25 19:53:00 +0000 2017,"@116936 Hi there, I'm sorry for the delivery troubles! Just to confirm, are you trying to place an order right now, or is this an ongoing issue? Are we missing the promised delivery dates here: https://t.co/aaDyEz1VgE? ^DW",5330
5776,AmazonHelp,5778,Tue Oct 31 23:43:33 +0000 2017,"@117084 Zainda, nos comentarías, ¿ya entraste en contacto con nuestro Servicio de Atención al Cliente? ^HC",5776
5780,AmazonHelp,5782,Tue Oct 31 23:42:00 +0000 2017,"@117085 Olá, H.o! No momento não temos previsão, mas qualquer novidade será anunciada diretamente no nosso site e redes sociais. ^CR",5780
5783,AmazonHelp,5784,Tue Oct 31 23:41:32 +0000 2017,@117087 恐れ入ります🙇 既にハロウィンが過ぎてしまったところ大変恐縮ではございますが、万が一返品や交換をご希望される場合は、お伝えしたURLをご参照いただければと存じます。また、お手続きに関してご不明点がございましたら、ご遠慮なくお知らせください。 YM,5783
5785,AmazonHelp,5786,Tue Oct 31 10:00:00 +0000 2017,@117087 ご迷惑をおかけしております。お届けした商品に問題があった場合、Amazonが発送する商品は返品・交換（可能な商品のみ）にて対応させていただいております。お手数ですが、リンクをご参照の上お手続きください。https://t.co/TYbxdUDknb TN,5785
5788,AmazonHelp,5789,Tue Oct 31 23:41:00 +0000 2017,@117088 Please share your details here: https://t.co/GIJyeYqKE0 and I'll get in touch with you. 2/2 ^HD,5788
5790,AmazonHelp,5789,Tue Oct 31 23:40:30 +0000 2017,@117088 Apologies for this unpleasant experience. I'd like to take a closer look. 1/2 ^HD,5790
5791,AmazonHelp,5793,Tue Oct 31 23:38:00 +0000 2017,@117089 (2/2) ... please reach out to us for real-time troubleshooting here: https://t.co/hApLpMlfHN ^WT,5791
5795,AmazonHelp,5796,Tue Oct 31 23:31:27 +0000 2017,"@117089 I'm sorry, I see we do have both episodes available. Can you let us know which device you are streaming this on? ^EB",5795
5794,AmazonHelp,5793,Tue Oct 31 23:36:32 +0000 2017,@117089 I'd recommend restarting your Fire Stick by unplugging it from the TV and wall outlet. If that doesn't work... (1/2),5794
5800,AmazonHelp,5801,Tue Oct 31 23:33:00 +0000 2017,"@117091 We know not having service is ruff, but dogs make everything better! 🐶 ^HM",5800
5802,AmazonHelp,5803,Tue Oct 31 23:32:30 +0000 2017,"@117092 Thank YOU, Alisondra, for being one of our amazing customers! ^BE",5802
5804,AmazonHelp,5805,Tue Oct 31 23:30:27 +0000 2017,@117094 I'm sorry for the wait! Please let us know if it does not arrive by 8PM. We want to make sure you receive the order. ^DD,5804
6956,AmazonHelp,6958,Sun Nov 19 04:11:34 +0000 2017,"@117198 When you have a moment, please phone us here: https://t.co/hApLpMlfHN ^RR",6956
6959,AmazonHelp,6957,Sun Nov 19 18:04:41 +0000 2017,"@117198 If you follow the link ^RR provided, we'd love to give you a call. ^MH",6959
6962,AmazonHelp,6960,Sun Nov 19 18:52:00 +0000 2017,@117198 Hi there! We are not able to see customer's account information here on Twitter. Please reach out to us by calling 866-216-1072 and keep us updated on the outcome! ^SP,6962
6964,AmazonHelp,6963,Sun Nov 19 20:29:36 +0000 2017,@117198 You're welcome. Reach out again if you have questions in the future. We're here to help. ^JF,6964
6965,AmazonHelp,6966,Sun Nov 19 03:49:00 +0000 2017,@117198 I am so sorry this has happened. Can you please clarify the carrier for us? We want to assist! You can see that info here: https://t.co/WvaNTeDWQh ^BA,6965
6997,AmazonHelp,6998,Wed Nov 22 11:13:00 +0000 2017,@117209 ご迷惑をおかけしております。もしお届けした商品に問題があった場合、Amazonが発送する商品は返品・交換（可能な商品のみ）にて対応させていただいております。その場合には、お手数ですが、リンクをご参照の上お手続きください。https://t.co/TYbxdUlIYB TN,6997
7012,AmazonHelp,7013,Wed Nov 22 11:01:00 +0000 2017,@117214 失礼いたします。ご存知かと存じますが、当サイトからそのようなメールをお送りすることはございません。Amazonの名をかたるフィッシング行為が増えているようですので、どうぞお気を付けください。https://t.co/k4jy2iBODo SM,7012
8510,AmazonHelp,8511,Tue Oct 31 23:56:29 +0000 2017,"@117493 I'm sorry your package wasn't picked up! When you have a moment, reach out to us here: https://t.co/EKXRLsnxJu ^AC",8510
8512,AmazonHelp,8513,Tue Oct 31 23:56:00 +0000 2017,"@117494 We're unable to view your account, but we'd like to help in real-time, via phone or chat here: https://t.co/JzP7hlA23B ^NN",8512
8514,AmazonHelp,8516,Tue Oct 31 23:55:28 +0000 2017,"@117495 Hola Mary. Para más detalles sobre como cancelar tu membresía de Amazon Prime, ingresa a: https://t.co/RPYF5xdYCl ^HC",8514
8517,AmazonHelp,8515,Wed Nov 01 18:39:25 +0000 2017,"@117495 Mary, si no te has beneficiado de las ventajas de Prime, recibirás el reembolso. Recibirás un e-mail con más detalles. ^LG",8517
8518,AmazonHelp,8519,Tue Oct 31 23:54:29 +0000 2017,@117495 Hola MaryGuerra. Para cancelar Amazon Prime por favor accesa este link para instrucciones: https://t.co/NV2oj1oX8M ^JJ,8518
8520,AmazonHelp,8521,Tue Oct 31 23:52:28 +0000 2017,"@117496 Sin dudas, el mejor lugar para comer pollo frito. 🍗 ¡Nos alegra saber que recibiste tu pedido, Carl! :D ^CR",8520
8523,AmazonHelp,8524,Tue Oct 31 23:49:32 +0000 2017,"@117497 Hmm, that's strange! Try going to Settings and reviewing your history. From here, you can see what prompted your Echo. ^FD",8523
8525,AmazonHelp,8527,Tue Oct 31 23:47:06 +0000 2017,"@117498 I'm sorry for the wait, Jamie! What's the current status of your order here: https://t.co/aaDyEz1VgE? ^SH",8525
8528,AmazonHelp,8526,Wed Nov 01 00:02:51 +0000 2017,"@117498 I understand your concern. At your earliest convenience, we'd like to look into this with you: https://t.co/oGDklGgbCZ ^GM",8528
8530,AmazonHelp,8529,Wed Nov 01 00:48:00 +0000 2017,"@117498 I can understand your reluctance, but we can provide you with additional options depending on who the seller is. ^SY",8530
8533,AmazonHelp,8531,Wed Nov 01 09:11:57 +0000 2017,"@117498 Hi, is the book listed as sold or fulfilled by Amazon? If so, please get in touch with us via the link ^GM provided. ^TS",8533
8534,AmazonHelp,8532,Wed Nov 01 09:14:00 +0000 2017,@117498 It would be best to contact us directly here: https://t.co/JzP7hlA23B and we can look into this further then. ^PK,8534
8536,AmazonHelp,8537,Tue Oct 31 23:47:00 +0000 2017,"@117499 (2/2) If we’ve missed the date in our order confirmation e-mail, please let us know here: https://t.co/hApLpMlfHN! ^WT",8536
8538,AmazonHelp,8537,Tue Oct 31 23:47:00 +0000 2017,@117499 I'm sorry for the wait! Two-Day Shipping refers to transit speed in business days once an order's shipped. (1/2),8538
8539,AmazonHelp,8540,Tue Oct 31 23:45:00 +0000 2017,@117088 Request you to please fill in the details in the link provided earlier and we'll look into this. ^MK,8539
8580,AmazonHelp,8581,Wed Nov 22 11:46:00 +0000 2017,"@117511 Hi there, items are not billed to you until they have shipped. If you have been charged for the order already, the refund will reflect on your account within 5-7 business days. You can read more about it here: https://t.co/dexHjftwpD -RD",8580
9118,AmazonHelp,9120,Wed Nov 01 00:14:00 +0000 2017,"@117631 Without posting account information, could you provide us with a few details about the issue? We'd like to help! ^WM",9118
9121,AmazonHelp,9119,Wed Nov 01 00:28:30 +0000 2017,"@117631 Thanks for the update! I'm sorry about the order issues and your inconvenience, but glad that everything has been resolved. ^SE",9121
9122,AmazonHelp,9125,Wed Nov 01 00:13:31 +0000 2017,@117632 Sorry! Try this one instead: https://t.co/JzP7hlA23B ^TR,9122
9126,AmazonHelp,9123,Wed Nov 01 07:41:27 +0000 2017,@117632 Hi Emma. I understand. You can use this link (which doesn't require a log in) to get in touch: https://t.co/zYVX1Qi29G ^DC,9126
9128,AmazonHelp,9129,Wed Nov 01 00:10:28 +0000 2017,"@117632 We're here to help! Please, reach us phone or e-mail so we can investigate: https://t.co/jzvkhdlrK5 ^EB",9128
9130,AmazonHelp,9132,Wed Nov 01 00:11:24 +0000 2017,@117633 Oh no! We'd like to review these charges and available options with you. Please reach us here: https://t.co/hApLpMlfHN. ^EZ,9130
9133,AmazonHelp,9135,Wed Nov 01 00:06:28 +0000 2017,@117635 I'm sorry your order hasn't arrived! Please reach us here: https://t.co/hApLpMlfHN if it doesn't arrive tomorrow. ^EZ,9133
9136,AmazonHelp,9137,Wed Nov 01 00:06:28 +0000 2017,@117636 I'm sorry your shipment hasn't arrived; what is the latest status on the order: https://t.co/Y5jpI9gRhE? ^LR,9136
9140,AmazonHelp,9141,Wed Nov 01 00:06:28 +0000 2017,@117637 I'm sorry you haven't received your order. Reach out to us here so we can look into this with you: https://t.co/Ebe0Tk70Vv ^JP,9140
9143,AmazonHelp,9144,Tue Oct 31 23:59:36 +0000 2017,@117638 You're welcome. Do keep us posted for any further assistance. ^MK,9143
9145,AmazonHelp,9146,Tue Oct 31 04:56:32 +0000 2017,@117638 Thank you for providing the details. We are working on it and we'll get back to you soon. ^SY,9145
9764,AmazonHelp,9767,Wed Nov 01 00:27:55 +0000 2017,@117789 Please report this to our support team here: https://t.co/TdDksLo6Mf and we'll look into this. 2/2 ^HD,9764
9768,AmazonHelp,9765,Wed Nov 01 00:37:32 +0000 2017,"@117789 Please don't provide your details, we consider it personal information. Our Twitter page is visible to public. ^MK",9768
9769,AmazonHelp,9766,Wed Nov 01 00:33:00 +0000 2017,"@117789 Sorry for this ordeal, Benish. Please share your details here: https://t.co/GIJyeYqKE0 and I'll get in touch with you. ^HD",9769
9771,AmazonHelp,9770,Wed Nov 01 00:52:00 +0000 2017,@117789 Please share your details from the link provided for us to look into your concern and assist you further. (2/2) ^SV,9771
9772,AmazonHelp,9770,Wed Nov 01 00:51:28 +0000 2017,"@117789 I get your concern, Benish. As this is a public platform, we wouldn't be able to check your order/account related info. (1/2)^SV",9772
9774,AmazonHelp,9773,Wed Nov 01 02:50:01 +0000 2017,@117789 We haven't received your details. Kindly share your details here: https://t.co/JzRdscmdH9 and I'll get in touch soon. ^AK,9774
9776,AmazonHelp,9775,Wed Nov 01 06:22:03 +0000 2017,"@117789 Please don't provide your order details, as we consider them to be personal info. Our page is visible to the public. (2/2) ^GK",9776
9777,AmazonHelp,9775,Wed Nov 01 06:22:00 +0000 2017,@117789 We've received your details and we'll reach out to you soon. (1/2) ^GK,9777
9778,AmazonHelp,9767,Wed Nov 01 00:27:26 +0000 2017,"@117789 Apologies for the delay in delivery of your order, Benish. We'd like to take a closer look. 1/2 ^HD",9778
9779,AmazonHelp,9781,Wed Nov 01 00:25:32 +0000 2017,"@117790 I'm sorry about the damage, Raymond! Have you explored options for refund/replacement here: https://t.co/Y5jpI9gRhE? ^SH",9779
9782,AmazonHelp,9780,Wed Nov 01 00:43:03 +0000 2017,@117790 I understand! Returns can be made as long as they fall under this policy: https://t.co/i3QyGkjfQI. Hope this helps! ^BL,9782
9783,AmazonHelp,9784,Wed Nov 01 00:25:05 +0000 2017,"@117791 Please don't provide your details, we consider it personal information. Our Twitter page is visible to public. 2/2 ^MK",9783
9785,AmazonHelp,9784,Wed Nov 01 00:24:26 +0000 2017,@117791 We've emailed you in response to the details you shared earlier. Please reply on the same for further assistance. 1/2 ^MK,9785
9787,AmazonHelp,9788,Wed Nov 01 00:22:56 +0000 2017,@117792 We are always looking for ways to improve! You can provide your feedback to our developers here: https://t.co/XD4MGgu8XV ^EA,9787
9789,AmazonHelp,9791,Wed Nov 01 00:22:25 +0000 2017,@117793 I'm sorry you didn't receive the correct items! I recommend trying the steps here for wrong items: https://t.co/3B6iUhjS3U ^SJ,9789
9792,AmazonHelp,9790,Wed Nov 01 00:29:34 +0000 2017,@117793 Please keep us posted if a replacement was provided. We want to ensure you receive the correct phone case. ^EZ,9792
9793,AmazonHelp,9794,Wed Nov 01 00:21:35 +0000 2017,@117794 I'm sorry for the bad experience! What options did we offer on the phone? ^TN,9793
9795,AmazonHelp,9796,Wed Nov 01 00:21:00 +0000 2017,"@117796 I'm sorry for any trouble, Chris! We're here to help. Are you having trouble with a specific order? ^BL",9795
9797,AmazonHelp,9798,Wed Nov 01 00:20:29 +0000 2017,"@117797 I get your concern, BIgral. I'll share your comments with internal teams for review. Do keep us posted. ^SV",9797
9800,AmazonHelp,9802,Wed Nov 01 00:20:28 +0000 2017,@117791 I just checked and can see that we have sent you an email correspondence. Request you to please check your spam folder. ^MK,9800
9803,AmazonHelp,9801,Wed Nov 01 00:29:33 +0000 2017,"@117791 If you haven't received any email, please share your details here: https://t.co/GIJyeYqKE0 and we'll get back to you. ^HD",9803
9805,AmazonHelp,9804,Wed Nov 01 00:39:52 +0000 2017,"@117791 If you've shared your details in the link, we'll check and get back to you with an update soon. ^MK",9805
9806,AmazonHelp,9807,Fri Oct 27 05:32:31 +0000 2017,@117791 Sorry for the trouble with the order. We've emailed you here: https://t.co/DhLEO2IzjY Kindly check and respond. Please 1/2,9806
9809,AmazonHelp,9810,Wed Nov 01 00:20:00 +0000 2017,@117798 We would like to investigate further with you. Please reach out to us at your convenience: https://t.co/hApLpMlfHN ^JP,9809
9813,AmazonHelp,9814,Wed Nov 01 00:19:42 +0000 2017,@117799 こんにちは。30日後のプライム本会員への自動移行をご希望されない場合は、こちらから自動更新をオフにしていただけます&gt; https://t.co/wdPTbEULCH プライム特典の一覧はこちらです&gt; https://t.co/AbfeovjCgG YM,9813
9815,AmazonHelp,9817,Wed Nov 01 00:17:00 +0000 2017,@117800 I'm sorry it hasn't arrived! We strive to meet the delivery date in your confirmation e-mail. Have we missed that date? ^MO,9815
9818,AmazonHelp,9819,Wed Nov 01 00:16:33 +0000 2017,"@117801 (2/2) If we’ve missed the date in our order confirmation e-mail, please let us know here: https://t.co/hApLpMlfHN! ^WT",9818
9820,AmazonHelp,9819,Wed Nov 01 00:16:33 +0000 2017,@117801 I'm sorry for the wait! One-Day shipping refers to transit time in business days once an order's shipped! (1/2),9820
9822,AmazonHelp,9823,Wed Nov 01 00:16:03 +0000 2017,@117802 We are happy that our new selections bring you some comfort. Stay strong Cassandra ^CH,9822
9824,AmazonHelp,9825,Wed Nov 01 00:14:34 +0000 2017,"@117803 Olá, Tiago. Atualmente essa opção não está disponível. Qualquer novidade será anunciada no nosso site e redes sociais. ^CR",9824
9864,AmazonHelp,9865,Wed Nov 22 12:27:00 +0000 2017,@117816 ご不快の念をお掛けし申し訳ございません。Amazonでは今後のサービス改善のため、梱包についてのご意見を承っておりますので、もしよろしければ、リンクのヘルプページご参照の上、ご意見をお送りください。https://t.co/r80cIFs9f6 TN,9864
9871,AmazonHelp,9872,Wed Nov 22 12:17:00 +0000 2017,@117819 ご不快の念をお掛けしております。Amazonでは今後のサービス改善のため、梱包についてのご意見を承っております。よろしければ、リンクのヘルプページをご参照の上、ご意見をお送りください。https://t.co/r80cIFs9f6 TN,9871
9954,AmazonHelp,9955,Wed Nov 22 11:58:32 +0000 2017,@117845 Sorry to hear you're having issues with your Fire tablet. Seems to be a bit of an issue with the link above. Please provide info here: https://t.co/R55eEQwSEs so we can look into this for you. ^ES,9954
9956,AmazonHelp,9957,Wed Nov 22 01:15:00 +0000 2017,@117845 I'm sorry for this poor experience. We'd like to look into this. Please pass your details to us here: https://t.co/vQp02VsuI4 ^RR,9956
9958,AmazonHelp,9959,Wed Nov 22 01:07:00 +0000 2017,@117845 I'm so sorry we've let you down; that's never our intent! We'd like to take a closer look into this and explore options with you. Please reach us by phone or chat when you have a moment for direct assistance: https://t.co/hApLpMlfHN ^LL,9958
10320,AmazonHelp,10321,Thu Nov 30 20:43:13 +0000 2017,@117870 I'm sorry for any concern this causes! We'd like a chance to look into this with you by phone or chat here: https://t.co/JzP7hlA23B ^WT,10320
10623,AmazonHelp,10624,Wed Nov 01 00:44:04 +0000 2017,@117944 I'm sorry about that! I would recommend logging out and clearing cache and cookies. Let us know if that works! ^LM,10623
10625,AmazonHelp,10626,Wed Nov 01 00:44:01 +0000 2017,@117945 I'm glad you're enjoying the Oasis! You're welcome to send us feedback with this e-mail: __email__. ^SJ,10625
10627,AmazonHelp,10629,Wed Nov 01 00:43:36 +0000 2017,@117946 I'm sorry! Blue Shade isn't a supported feature on child profiles. ^WT,10627
10630,AmazonHelp,10631,Wed Nov 01 00:43:36 +0000 2017,@117947 Garcias Jäcob Pintle :). Nos alegra mucho saber que hacemos bien nuestro trabajo. Tratamos de mejorar cada día más. 😃🤝 ^JJ,10630
10632,AmazonHelp,10634,Wed Nov 01 00:42:00 +0000 2017,@117948 I'm sorry we let you down! Do you have a current order that has passed the delivery date? ^DD,10632
10635,AmazonHelp,10633,Wed Nov 01 01:01:14 +0000 2017,"@117948 What does the current tracking indicate? Also, who does the tracking indicate as carrier?: https://t.co/PyACxvY8Qo ^VB",10635
10638,AmazonHelp,10636,Wed Nov 01 01:13:00 +0000 2017,@117948 Hi Mark! Deliveries will run up until 21:00. Let us know what happens. Chuck H,10638
10641,AmazonHelp,10640,Wed Nov 01 03:50:26 +0000 2017,@117948 I'm sorry it hasn't arrived! Please get in touch with us here: https://t.co/hApLpMlfHN for available options. ^EZ,10641
10642,AmazonHelp,10637,Wed Nov 01 01:11:00 +0000 2017,@117948 Please get in touch with us here: https://t.co/Q7Ftz6nj80 and we'd be happy to review available options with you. ^EZ,10642
10644,AmazonHelp,10645,Wed Nov 01 00:40:31 +0000 2017,@117949 We'd like to help! Have you noticed any unauthorized activity on your account? ^VB,10644
10646,AmazonHelp,10647,Wed Nov 01 00:39:00 +0000 2017,"@117950 I'm so sorry for the wait. If you have a moment, please contact us by chat or phone: https://t.co/JzP7hlA23B. ^LH",10646
10649,AmazonHelp,10650,Wed Nov 01 00:36:31 +0000 2017,@117951 (1/2)意図しないご登録となり申し訳ありません。プライム無料体験をご利用ではなかったでしょうか。ご登録後に自動更新をオフに設定されていない場合、体験期間終了後に有料会員へと移行となります。 YM,10649
10652,AmazonHelp,10653,Wed Nov 01 00:34:50 +0000 2017,@117952 I'm sorry your order hasn't arrived! We'd like to see how we can help so please reach us here: https://t.co/hApLpMlfHN ^DD,10652
10654,AmazonHelp,10656,Wed Nov 01 00:34:00 +0000 2017,@117953 Oi Juliana. Qual é a data de entrega do seu pedido? 🤔 ^JJ,10654
10657,AmazonHelp,10658,Wed Nov 01 00:34:00 +0000 2017,@117954 I'm sorry to hear about the trouble. We'd like to take a closer look into this for you here: https://t.co/hApLpMlfHN ^LI,10657
10659,AmazonHelp,10660,Wed Nov 01 00:31:34 +0000 2017,"@117955 Oh no, Blair! Can you confirm the delivery date that was provided in your order confirmation email? ^LA",10659
10661,AmazonHelp,10662,Wed Nov 01 00:30:44 +0000 2017,@117956 I'm sorry you haven't received your item! Can you tell us who the carrier is? Found here: https://t.co/q4LAMZ3tbE ^AC,10661
10663,AmazonHelp,10664,Wed Nov 01 00:30:15 +0000 2017,@117957 We always strive to get your order to you at the stated expected delivery time that is stated at the time of checkout ^CH,10663
11013,AmazonHelp,11015,Wed Nov 01 00:56:37 +0000 2017,"@118078 Yes, Release-Date Delivery is definitely a thing and the Amazon Prime two day shipping does mean two days after processed. ^CN",11013
11016,AmazonHelp,11017,Wed Nov 01 00:48:00 +0000 2017,@118078 I'm sorry for the frustration! Did you select Release-Date Delivery at checkout? ^AC,11016
11018,AmazonHelp,11024,Wed Nov 01 00:56:34 +0000 2017,@118079 I'm sorry! We'd love to help where we can. Please give us more details without sharing personal account information. ^LM,11018
11025,AmazonHelp,11021,Wed Nov 01 02:12:32 +0000 2017,@118079 We'd still like to help. What does the tracking show in Your Orders: https://t.co/PCtircFm5C? Who is the carrier here? ^SJ,11025
11028,AmazonHelp,11027,Wed Nov 01 02:54:36 +0000 2017,"@118079 When you were on the phone with us, did we mention a date as to when we could provide more options? ^TN",11028
11031,AmazonHelp,11030,Wed Nov 01 03:25:00 +0000 2017,"@118079 Hey, Mike! Were the other late items also shipped via USPS? You can check here: https://t.co/Y5jpI9gRhE ^LA",11031
11033,AmazonHelp,11032,Wed Nov 01 04:38:29 +0000 2017,@118079 I hope you are willing to give us a chance in the future to make things right. ^TN (2/2),11033
11034,AmazonHelp,11032,Wed Nov 01 04:38:29 +0000 2017,"@118079 I'm sorry we let you down on this order. If the order arrives too late, you can return them for a full refund. ^TN (1/2)",11034
11035,AmazonHelp,11036,Wed Nov 01 00:55:34 +0000 2017,@118080 Yikes! We'd like to take a closer look into this. Please reach out with more information here: https://t.co/6Z7czEwEfV ^DG,11035
11037,AmazonHelp,11039,Wed Nov 01 00:55:00 +0000 2017,@118081 I'm sorry you haven't received an update on your shipping details! You can check your order here: https://t.co/Y5jpI9gRhE ^MO,11037
11040,AmazonHelp,11038,Wed Nov 01 12:38:31 +0000 2017,@118081 Please keep an eye on your e-mails and check your junk/spam folder. We'll let you know once we've confirmed a date. ^NM,11040
11043,AmazonHelp,11044,Wed Nov 01 00:53:30 +0000 2017,"@118083 Thanks for reaching out, Gemma! We have responded to your direct message. Please respond to us there! ^HM",11043
11045,AmazonHelp,11046,Wed Nov 01 00:52:35 +0000 2017,@117955 I am so sorry about that! Who was the carrier? You can find that info here: https://t.co/Y5jpI9gRhE? ^BA,11045
11047,AmazonHelp,11049,Wed Nov 01 00:52:35 +0000 2017,@118084 Please give us a call here: https://t.co/Q7Ftz6nj80 so we can take a look into this with you! ^TR,11047
11050,AmazonHelp,11048,Wed Nov 01 01:24:34 +0000 2017,@118084 Thanks for the information. Please let us know if your order doesn't arrive by Friday. ^EZ,11050
11052,AmazonHelp,11053,Wed Nov 01 00:44:47 +0000 2017,@118084 I'm sorry that your package has not shipped! Did we miss the promised Delivery date found here: https://t.co/Y5jpI9gRhE ^LM,11052
11054,AmazonHelp,11056,Wed Nov 01 00:52:35 +0000 2017,@118085 デビット機能付きのカードをご利用のため、カードが再度承認された際に代金が引き落とされた可能性が考えられます。二重引き落としが発生した場合は、後日クレジットカード会社から取り消しが行われます。 YM,11054
11057,AmazonHelp,11055,Wed Nov 01 02:00:00 +0000 2017,@118085 重複してのご請求は行いませんので、ご安心くださいませ。 なお、万が一、重複している場合や取り消しがされない場合には、確認させていただきますので、カスタマーサービスにご連絡ください。https://t.co/bwBU0NvYIn TY,11057
11058,AmazonHelp,11060,Wed Nov 01 00:50:35 +0000 2017,@118086 I'm sorry your order hasn't arrived! What is the delivery date shown in the confirmation e-mail: https://t.co/CTNCjpcgOm? ^SJ,11058
11061,AmazonHelp,11059,Wed Nov 01 01:00:00 +0000 2017,@118086 Please get in touch with us here: https://t.co/hApLpMlfHN and we'd be happy to review available shipping refund options. ^EZ,11061
11062,AmazonHelp,11066,Wed Nov 01 00:49:00 +0000 2017,@118087 Please try to remove and reinsert the SD card following the steps here: https://t.co/ZtaYsyA9rO. Let us know how this helps! ^MB,11062
11067,AmazonHelp,11063,Wed Nov 01 01:31:07 +0000 2017,@118087 Check the SD Card slot and make sure there is no particulate matter which may be effecting how the card is being detected. ^CH,11067
11068,AmazonHelp,11064,Wed Nov 01 01:21:08 +0000 2017,@118087 We'd like to try to solve this problem for you! Please contact us here so we can take a closer look: https://t.co/hApLpMlfHN ^CN,11068
11069,AmazonHelp,11065,Wed Nov 01 01:44:00 +0000 2017,"@118087 That's odd! We'd like to help further with this. When you can, please reach out to us here: https://t.co/hApLpMlfHN ^HM",11069
11071,AmazonHelp,11073,Wed Nov 01 00:49:00 +0000 2017,@118088 I'm sorry you haven't received your order yet! Have we missed the delivery date confirmed via e-mail: https://t.co/CTNCjpcgOm? ^GM,11071
11074,AmazonHelp,11072,Wed Nov 01 01:01:00 +0000 2017,@118088 We're unable to access accounts on Twitter but we'd like to look into it for you here: https://t.co/hApLpMlfHN ^LI,11074
11077,AmazonHelp,11079,Wed Nov 01 00:48:00 +0000 2017,@118090 Oh no! I'm sorry you haven't received your order! Please contact us here so we may look into this: https://t.co/hApLpMlfHN ^BN,11077
11080,AmazonHelp,11078,Wed Nov 01 01:12:43 +0000 2017,@118090 We'd still like to help. What is the delivery date shown in the order e-mail: https://t.co/L9Xapf1v25? Who is the carrier? ^SJ,11080
11082,AmazonHelp,11081,Wed Nov 01 01:22:35 +0000 2017,@118090 I would like a member of our team look into this for you. Please fill out this form: https://t.co/dOqIHIw6g0 ^BA,11082
11083,AmazonHelp,11085,Wed Nov 01 00:45:27 +0000 2017,"@118091 I'm so sorry to hear this! Without revealing any personal account information, will you provide us with more details? ^LH",11083
11086,AmazonHelp,11084,Mon Nov 06 01:44:56 +0000 2017,"@118091 What kind of problems are you having with your Fire Stick, Mildred? ^VB",11086
11088,AmazonHelp,11087,Mon Nov 06 19:11:37 +0000 2017,@118091 Oh no! We'd like to look into this in real time with you. Please reach us via phone here: https://t.co/hApLpMlfHN ^AB,11088
11089,AmazonHelp,11090,Wed Nov 01 00:44:39 +0000 2017,"@118092 I'm sorry your order arrived damaged, Marsha! You can see available options for that item here: https://t.co/T994nVbxA2 ^LA",11089
11335,AmazonHelp,11337,Wed Nov 22 12:55:34 +0000 2017,@118163 ご迷惑をお掛けしております。返金のAmazonギフト券は、銀行振込による返金に変更することが可能です。ご希望の場合は、口座情報などをお伺いする必要がございますので、お手数ですが、リンクよりカスタマーサービスにお電話にてお問い合わせください。https://t.co/J6YEizo6qC TN,11335
11338,AmazonHelp,11336,Wed Nov 22 13:54:29 +0000 2017,@118163 Amazon以外の出品者の販売商品につきましては、各出品者が出品価格を自由に設定できます。しかしながら、当サイトでは、各出品者が商品を適切な価格で出品するべきであると認識しておりますため、貴重なご意見として頂戴いたします。SM,11338
11340,AmazonHelp,11339,Wed Nov 22 22:35:00 +0000 2017,@118163 リプライありがとうございます。ご利用方法等でご不明な点がございましたらご遠慮なくご質問ください。今後ともどうぞよろしくお願いいたします。SK,11340
11348,AmazonHelp,4843,Wed Nov 22 12:53:32 +0000 2017,@118168 発送元が「Amazon」とある商品は、Amazonの配送センターから発送される商品でございます。＊販売元は「Amazon」と「出品者」の場合がございます。なお、万が一お届けした商品に問題があった場合は、カスタマーサービスにて対応させていただきますので、いつでもお問い合わせください。TN,11348
11402,AmazonHelp,11404,Wed Nov 22 12:41:00 +0000 2017,@118184 ご迷惑をおかけしております。お届けした商品に問題があった場合、Amazonが発送する商品は返品・交換（可能な商品のみ）にて対応させていただいております。お手数ですが、リンクをご参照の上お手続きください。https://t.co/TYbxdUDknb TN,11402
11405,AmazonHelp,11403,Wed Nov 22 12:48:01 +0000 2017,@118184 恐れ入ります。これからもhttps://t.co/st4oU5QbhPをどうぞよろしくお願いいたします。TN,11405
11406,AmazonHelp,11404,Wed Nov 22 12:41:00 +0000 2017,@118184 なお、マーケットプレイスの出品者が発送する商品の場合には、出品者毎にポリシーを設けているため、恐れ入りますが、出品者に直接お問い合わせください。出品者へのお問い合わせ方法はリンクよりご確認ください。https://t.co/ZXCXcbN3Tv TN,11406
11425,AmazonHelp,11426,Wed Nov 22 12:36:00 +0000 2017,@118191 ご迷惑をおかけしております。状況をお調べした上でご案内させていただきますので、恐れ入りますが、ご注文商品がAmazonが発送する商品の場合は、こちらのリンクよりカスタマーサービスにお問い合わせください。https://t.co/J6YEizo6qC TN,11425
11566,AmazonHelp,11568,Wed Nov 01 01:13:32 +0000 2017,@118229 Lamento los inconvenientes. Recomiendo reportar lo ocurrido a nuestro Servicio al Cliente: https://t.co/OjvUxwnzPe ^CR,11566
11569,AmazonHelp,11570,Wed Nov 01 01:09:06 +0000 2017,@118229 Comprendo. ¿Ya entraste en contacto con el transportista? ^CR,11569
11571,AmazonHelp,11572,Tue Oct 31 19:21:27 +0000 2017,@118229 Hola.¿Cuál es la fecha de entrega de tu pedido? ^JJ,11571
11573,AmazonHelp,11575,Wed Nov 01 01:11:00 +0000 2017,"@118230 Olá, Cassiel. Sem compartilhar informações pessoais ou da sua conta, me diga, como posso ajudar você? ^CR",11573
11576,AmazonHelp,11574,Wed Nov 01 01:14:56 +0000 2017,"@118230 Recomendo entrar em contato diretamente com o SAC da KDP, para eles conferirem o seu caso: https://t.co/iAtVDKIvAN ^CR",11576
11578,AmazonHelp,11580,Wed Nov 01 01:09:19 +0000 2017,"@118231 I'm afraid, we'll not be able to take any action on your account once it is put on hold. Request you to wait for the email. ^HD",11578
11581,AmazonHelp,11579,Wed Nov 01 01:18:00 +0000 2017,"@118231 Further, we wouldn't be able to offer any additional insight/ info in this regard. Appreciate your understanding. (3/3) ^SV",11581
11582,AmazonHelp,11579,Wed Nov 01 01:17:37 +0000 2017,"@118231 As this is account related, our specialist team are the best ones to assist you. (2/3) ^SV",11582
11583,AmazonHelp,11579,Wed Nov 01 01:17:27 +0000 2017,"@118231 I get your concern, Hussain. As requested, please reply to the correspondence sent by our specialist team. (1/3) ^SV",11583
11589,AmazonHelp,11590,Mon Oct 30 03:44:00 +0000 2017,"@118231 Hi, you should have received an email with an update over your account. We will not be check this for you. ^RW",11589
11592,AmazonHelp,11594,Wed Nov 01 01:08:38 +0000 2017,@118232 Oh no! Let's talk about this in real time. Please call or chat with us here: https://t.co/wMcUf6lHpn ^BA,11592
11595,AmazonHelp,11593,Wed Nov 01 16:25:35 +0000 2017,"@118232 Just to confirm, what's the current tracking information listed for your order here: https://t.co/aaDyEz1VgE ^HC",11595
11596,AmazonHelp,11597,Wed Nov 01 01:08:34 +0000 2017,@118233 I'm so sorry for the wait! What does tracking information say here: https://t.co/PyACxvY8Qo? ^MH,11596
11599,AmazonHelp,11600,Wed Nov 01 01:07:00 +0000 2017,"@118234 Happy Halloween to this very, very good puppy! I'd be lion if I said he didn't have my heart! 😍🦁^BL",11599
11601,AmazonHelp,11603,Wed Nov 01 01:07:00 +0000 2017,@118235 Oh no! Have you checked the mailbox? These steps may help locate the order: https://t.co/7jZ5OuoXoK. Keep us posted! ^BN,11601
11604,AmazonHelp,11602,Wed Nov 01 01:28:00 +0000 2017,@118235 I'm sorry those steps didn't help! Who was the carrier for this order? You can check here: https://t.co/Y5jpI9gRhE ^BL,11604
11606,AmazonHelp,11605,Wed Nov 01 01:47:29 +0000 2017,"@118235 I'd like someone from my team to check into this. When you can, please drop your details here: https://t.co/jNvrqbIPwn ^BL",11606
11608,AmazonHelp,11610,Wed Nov 01 01:06:00 +0000 2017,@118236 (*´-`).｡oO(ご存知かと思いますが、当サイトからのご請求ではございませんので、ご連絡されませんように。。。) また、携帯大手3社をご利用の場合には、迷惑メール対策として、申告窓口を設置しています。今後受信しないためにも、各窓口へご申告ください。TY,11608
11611,AmazonHelp,11609,Wed Nov 01 01:29:00 +0000 2017,@118236 お手数おかけしますが、よろしくお願いします。 最近、Amazonを騙るフィッシングが増えているようでございますので、ご注意くださいませ(*´︶`*) TY,11611
11613,AmazonHelp,11612,Wed Nov 01 02:16:00 +0000 2017,@118236 あたたかいお言葉、ありがとうございます(*ﾉωﾉ) 色々な種類のフィッシングなどがあるようなので、ご注意いただき、何かご不明な点があれば、ご遠慮なくお声がけください！ 今後も、Amazonをよろしくお願いします(o*。_。)oペコッ TY,11613
11614,AmazonHelp,11615,Wed Nov 01 01:04:42 +0000 2017,@118237 Amazonプライムが不要な場合には、アカウントサービスから解除していただけます。更新後特典利用が無ければ、返金を承る事も可能です。詳しくはこちらのヘルプページをご覧ください。 https://t.co/9tQT1Jh8Tw TY,11614
11616,AmazonHelp,11617,Wed Nov 01 01:04:40 +0000 2017,"@118238 Hi, not Hugh:) Who is the carrier for this delivery? You can find this information here: https://t.co/Y5jpI9gRhE ^LM",11616
11618,AmazonHelp,11619,Tue Oct 31 22:00:44 +0000 2017,"@118238 Hey, Hugh! Are you having trouble receiving a recent order? ^LA",11618
11620,AmazonHelp,11621,Wed Nov 01 01:04:06 +0000 2017,@118239 ご心配をおかけしております。Amazonです。 Twitter上ではご注文の詳細を確認させていただくことができませんので、確認ご希望の場合には、下記URLよりカスタマーサービスにご連絡ください。https://t.co/bwBU0NvYIn TY,11620
11622,AmazonHelp,11624,Wed Nov 01 01:02:13 +0000 2017,@117955 Please provide your details here: https://t.co/zUIZ61Nac2 and my team will escalate to Amazon Logistics. ^EZ,11622
11625,AmazonHelp,11626,Wed Nov 01 01:00:37 +0000 2017,@118240 Hola. Lamento los inconvenientes. Aquí podrás ver las opciones de reembolso o reemplazo disponibles https://t.co/dKUWE4YKnn ^CR,11625
11973,AmazonHelp,11974,Wed Nov 01 01:25:23 +0000 2017,"@118354 I'm so sorry we've let you down. Please reach us here: https://t.co/hApLpMlfHN, so we can explore options with you. ^LL",11973
11975,AmazonHelp,11976,Wed Nov 01 01:23:16 +0000 2017,@118355 We do not want this to happen and are eager to help. Reach out to us for more assistance here: https://t.co/hApLpMlfHN ^LM,11975
11978,AmazonHelp,11979,Wed Nov 01 01:21:07 +0000 2017,@118233 Oh no! Have we missed the estimated delivery date showing in your order confirmation e-mail? We're here to help! ^ML,11978
11980,AmazonHelp,11982,Wed Nov 01 01:16:33 +0000 2017,"@118356 I understand your concern, Nihal. Could you confirm if you've report this to our team using the link provided earlier? ^HD",11980
11983,AmazonHelp,11981,Wed Nov 01 02:56:56 +0000 2017,@118356 Sorry about the delay with the order. Please share your details here: https://t.co/GIJyeYqKE0 and we'll check this. ^KA,11983
11985,AmazonHelp,11984,Wed Nov 01 03:20:01 +0000 2017,@118356 details through the link provided above so that we can look into the issue. 2/2 ^SH,11985
11986,AmazonHelp,11984,Wed Nov 01 03:20:00 +0000 2017,@118356 Twitter is a social media platform we'll not be able to access any of your account/order details. Please share your 1/2 ^SH,11986
12493,AmazonHelp,12496,Wed Nov 01 01:43:28 +0000 2017,"@118498 I'm so sorry about that, Alexis. When you can, please reach us here so we can better assist: https://t.co/hApLpMlfHN ^BL",12493
12497,AmazonHelp,12494,Wed Nov 01 02:06:00 +0000 2017,"@118498 I'm sorry about the link. For a faster response, contact us by phone here: https://t.co/jzvkhdlrK5 without signing in. ^BE",12497
12499,AmazonHelp,12498,Wed Nov 01 02:13:00 +0000 2017,@118498 Yes. Our main customer service line is open 24 hours a day. ^LJ,12499
12501,AmazonHelp,12502,Wed Nov 01 01:42:00 +0000 2017,@118499 ご不便をおかけしております。アップデートにより仕様が変更される場合がありますが、変更の背景等については詳細をお伝えすることができませんことをご了承ください。ご指摘いただいた点は担当部署に伝えさせていただき、今後もサービスや機能の改善に努めて参ります。 YM,12501
12503,AmazonHelp,12505,Wed Nov 01 01:39:48 +0000 2017,"@118501 We'd like to help in real-time! When you have a free moment, please reach out to us here: https://t.co/hApLpMlfHN ^HM",12503
12506,AmazonHelp,12504,Wed Nov 01 02:58:40 +0000 2017,"@118501 From the Kindle app, go to More, tap on Settings, tap on Push notifications to enable or disable the notifications. ^SE",12506
12507,AmazonHelp,2541,Wed Nov 01 01:38:32 +0000 2017,@118502 Fire TV Stickのご注文ありがとうございます。 音声が切り替わらないとのことなので、設定等を確認の上ご案内させていただきます。 よろしければ、下記URLよりご連絡ください。https://t.co/bwBU0NvYIn TY,12507
12508,AmazonHelp,12509,Wed Nov 01 01:33:48 +0000 2017,@118503 That does seem excessive. Help us improve by leaving order specific packaging feedback here: https://t.co/TH7UAFZey5. ^EZ,12508
12510,AmazonHelp,12511,Wed Nov 01 01:32:33 +0000 2017,@118504 from our sellers. You may also visit this link: https://t.co/yQb39uNRsX for more information. 2/2 ^MK,12510
12512,AmazonHelp,12511,Wed Nov 01 01:32:00 +0000 2017,@118504 The prices on our website are determined by our sellers. And we keep updating our prices as per the data we receive 1/2 ^MK,12512
12513,AmazonHelp,12515,Wed Nov 01 01:30:47 +0000 2017,"@118505 If you had replied to the email, you must've received a correspondence from us, Darshan. Please check. ^HD",12513
12516,AmazonHelp,12514,Wed Nov 01 04:29:28 +0000 2017,@118505 If you've already replied to the email sent by our team. I'm sure our team will reach out to you soon with an update. ^VM,12516
12518,AmazonHelp,12517,Wed Nov 01 04:37:37 +0000 2017,"@118505 We're currently working on your issue, we'll contact you soon. Keep an eye on your mailbox. ^ZH",12518
12520,AmazonHelp,12522,Tue Oct 31 12:01:00 +0000 2017,"@118505 Apologies, thank you for replying to the email. We'll get back on this soon. Appreciate your patience. ^BS",12520
12523,AmazonHelp,12524,Tue Oct 31 10:27:56 +0000 2017,"@118505 I do understand, however, please revert to the same email so that we can get this sorted. ^HN",12523
12526,AmazonHelp,12527,Tue Oct 31 07:48:00 +0000 2017,@118505 Sorry for the trouble you've had. Kindly reply to the email you've received from our team &amp; we'll look into this further.^MM,12526
12528,AmazonHelp,12529,Tue Oct 31 03:37:26 +0000 2017,@118505 Sorry for the stretch. Please reply to the email you've received from our Social media team and we'll get back. ^KA,12528
12530,AmazonHelp,12531,Mon Oct 30 07:52:27 +0000 2017,@118505 email ID. Kindly check it here: https://t.co/8DAc10S7ww. 2/2 ^RS,12530
12533,AmazonHelp,12534,Sun Oct 29 05:09:00 +0000 2017,@118505 you with an update at the earliest. (2/2)^AU,12533
12537,AmazonHelp,12538,Sun Oct 29 04:45:00 +0000 2017,@118505 Thanks for writing back to us. Our specialist team will contact you with an update on your issue soon. Please wait. ^ZH,12537
12539,AmazonHelp,12540,Sun Oct 29 04:36:00 +0000 2017,"@118505 As requested, please respond on the requested email and our specialist team will reach out to you. ^HK",12539
12542,AmazonHelp,12544,Sun Oct 29 03:58:56 +0000 2017,"@118505 We've sent a correspondence to your registered email address, request you to check the same. ^SH",12542
12546,AmazonHelp,12547,Sat Oct 28 18:01:26 +0000 2017,@118505 We're working on your concern. We'll reach out to you soon and update. ^RI,12546
13129,AmazonHelp,13132,Wed Nov 01 01:58:27 +0000 2017,"@118701 If you've replied to the email sent by us, we'll check and get back to you with an update shortly. ^NR",13129
13133,AmazonHelp,13130,Wed Nov 01 02:44:00 +0000 2017,"@118701 Sorry to know about the delivery issue. As you've confirmed sharing your details, you should've received an email from (1/2)^KA",13133
13134,AmazonHelp,13130,Wed Nov 01 02:44:30 +0000 2017,"@118701 our team. Please check and reply, we'll get back. You may check the email here: https://t.co/NTkrxpsbHJ (2/2) ^KA",13134
13136,AmazonHelp,13135,Wed Nov 01 03:11:00 +0000 2017,@118701 Please reply to the email received from our team. We will check and connect with you accordingly. ^RW,13136
13139,AmazonHelp,13138,Wed Nov 01 03:18:28 +0000 2017,@118701 Sorry about the order cancellation. Please reply to the email you've received from our Social media team and we'll get back. ^KA,13139
13141,AmazonHelp,13140,Wed Nov 01 03:30:28 +0000 2017,"@118701 Sorry for the trouble, Manak. Please resubmit the details here: https://t.co/GIJyeYqKE0 and we'll have this checked. ^KA",13141
13143,AmazonHelp,13142,Wed Nov 01 03:41:00 +0000 2017,@118701 Thanks for submitting the details. We've received your details and we'll reach out to you soon. ^GK,13143
13145,AmazonHelp,13144,Wed Nov 01 05:27:00 +0000 2017,@118701 That's unusual. Could you please revert to the email with further queries on this? I'll like to have a look into it. ^AB,13145
13147,AmazonHelp,13146,Wed Nov 01 05:46:00 +0000 2017,@118701 We're unable to arrange a callback for you over Twitter. Please make a request by responding to the email and we'll oblige. ^AB,13147
13150,AmazonHelp,13149,Wed Nov 01 06:36:56 +0000 2017,@118701 Thanks for replying. We'll get in touch with you soon. Appreciate your understanding. ^AK,13150
13151,AmazonHelp,13152,Wed Nov 01 01:46:11 +0000 2017,@118701 Could you please confirm if you have replied to our email? ^MK,13151
13153,AmazonHelp,13154,Tue Oct 31 19:11:00 +0000 2017,"@118701 Please don't provide your order details, we consider it personal information. Our Twitter page is visible to public. (2/2) ^SV",13153
13156,AmazonHelp,13157,Sun Oct 22 16:47:26 +0000 2017,@118701 I'm sorry about the trouble Manak. Kindly reply to the email sent by our team for further assistance. ^GD,13156
13158,AmazonHelp,13159,Sun Oct 22 16:26:00 +0000 2017,@118701 you've received from our team and we will get back to you with the latest update on your issue. (2/2)^SQ,13158
13161,AmazonHelp,13162,Sun Oct 22 14:55:54 +0000 2017,"@118701 Sorry about the bad experience, Manak. I'll be sure to pass along your feedback internally. ^MS",13161
13163,AmazonHelp,13164,Sun Oct 22 14:44:23 +0000 2017,@118701 We're following up on this. We'll check this and update you. ^SG,13163
13166,AmazonHelp,13167,Wed Nov 01 01:55:00 +0000 2017,@118703 Sorry for the inconvenience. Please share your details here: https://t.co/GIJyeYqKE0 and I'll get in touch with you. ^MK,13166
13168,AmazonHelp,13170,Wed Nov 01 01:54:00 +0000 2017,@118704 Are you currently waiting on the delivery of a delayed order? ^QJ,13168
13171,AmazonHelp,13173,Wed Nov 01 01:54:00 +0000 2017,"@118705 I'm very sorry about this experience, Robert. We'd like to help! Could you tell us more details about what's going on? ^HM",13171
13174,AmazonHelp,13175,Wed Nov 01 01:53:33 +0000 2017,@118707 Parece um livro interessante demais. Espero que curta muito da leitura dele! :D Abraço. ^CR,13174
13176,AmazonHelp,13177,Wed Nov 01 01:46:10 +0000 2017,"@118707 Que notícia boa, Luiz! Fiquei curioso... O que contém esse pacote? 🤔 ^CR https://t.co/DtVI16kHN1",13176
13178,AmazonHelp,13180,Wed Nov 01 01:52:32 +0000 2017,"@118708 I'm very sorry to hear that, J! Have you had trouble with a recent order/delivery? ^HM",13178
13181,AmazonHelp,13179,Wed Nov 01 02:12:00 +0000 2017,"@118708 We'd like to take a closer look. When you can, please provide us some more information here: https://t.co/ApyxSZALFH ^TN",13181
13182,AmazonHelp,13183,Wed Nov 01 01:50:52 +0000 2017,@118709 I'm sorry you've had to invest so much time in this! Were we able to help resolve the issue on the last call? ^TL,13182
13184,AmazonHelp,13185,Tue Oct 31 16:17:26 +0000 2017,@118709 Was any information provided to you in the phone conversation? Who was the carrier as listed here: https://t.co/Y5jpI9gRhE ^CH,13184
13187,AmazonHelp,13189,Wed Nov 01 01:49:28 +0000 2017,"@118710 Hi, Reece! I'm sorry about the broken item. You can check into options here: https://t.co/Ueduyt85xq ^BL",13187
13190,AmazonHelp,13191,Wed Nov 01 01:47:29 +0000 2017,@118711 おはようございます。Amazonです。 ご注文確定済の場合には、注文履歴にて確認できますので、下記URLにてご確認ください。https://t.co/5Uadfd0Km8 なお、ご不明な点がありましたら、ご遠慮なくお知らせください(#^.^#)TY,13190
13457,AmazonHelp,13458,Fri Dec 01 06:37:33 +0000 2017,"@118798 Nein, ^TG ist schnippig. Alexa ist lieb und nett. Sie ist sehr gut! Und ich geh jetzt mal lieber in Deckung! 😏 ^UK",13457
13459,AmazonHelp,13460,Fri Dec 01 06:15:33 +0000 2017,"@118798 😃... das wäre toll! Soweit ist sie aber noch nicht. Wird eher in die Richtung ""Hey, deine Wäsche ist fertig! Zack zack, aufhängen!"" gehen. ^TG",13459
13557,AmazonHelp,13558,Wed Nov 01 02:13:38 +0000 2017,@118825 I'm sorry there was a delay! Let us know if your package doesn't arrive by November 2. Please keep us posted on its delivery. ^TN,13557
13559,AmazonHelp,13560,Wed Nov 01 02:10:27 +0000 2017,"@118827 I'm sorry this happened, Davis! Please provide carrier feedback here about this order: https://t.co/pXnlwBDrQ6 ^SH",13559
13561,AmazonHelp,13563,Wed Nov 01 02:09:39 +0000 2017,@118828 Thanks for reaching out to us! You will be charged for your order once it ships out. ^FJ,13561
13564,AmazonHelp,13565,Wed Nov 01 02:02:33 +0000 2017,@118829 Can you confirm the delivery date provided in your order confirmation email? It can be viewed here: https://t.co/1aMUiU8Rcg ^LA,13564
13566,AmazonHelp,13567,Tue Oct 31 08:00:00 +0000 2017,@118829 I'm sorry for the delay in delivery. Could you let us know from which website did you make the purchase? ^RW,13566
13568,AmazonHelp,13569,Wed Nov 01 02:01:55 +0000 2017,@118830 Thanks for bringing this to our attention. I've escalated this to our website team. ^SJ,13568
13570,AmazonHelp,13571,Wed Nov 01 02:01:24 +0000 2017,@118831 恐れ入りますが、予約商品でも発売日のお届けを確約しておりません。https://t.co/vwDxlbpOLC なお、発売日/発売日前日にお届けする場合、一定の条件を満たしている注文のみです。https://t.co/f3TKbgOOgv TY,13570
13572,AmazonHelp,13573,Wed Nov 01 01:59:35 +0000 2017,"@118832 (2/2) Alternately, if you'd like us to verify in real-time you can reach us here: https://t.co/hApLpMlfHN ^EB",13572
13574,AmazonHelp,13573,Wed Nov 01 01:59:35 +0000 2017,@118832 Thank you for bringing this to our attention! I understand the concern. You can report this here: https://t.co/1oz4X7rU5m (1/2),13574
13863,AmazonHelp,13866,Wed Nov 01 02:24:06 +0000 2017,"@118918 Apologies for the experience, Vijay. Please reply to the email sent by our team. We'll help you with alternatives. ^SV",13863
13867,AmazonHelp,13865,Wed Nov 01 07:08:55 +0000 2017,"@118918 Sorry for the disappointment. Kindly reply to the email you've received from our team, we'll check and get back. ^KA",13867
13869,AmazonHelp,13868,Wed Nov 01 07:58:27 +0000 2017,"@118918 In this case, request you to wait and you shall receive an reply from our team soon. ^SH",13869
13871,AmazonHelp,13870,Thu Nov 02 06:50:27 +0000 2017,@118918 insight on this issue. 2/2 ^SH,13871
13872,AmazonHelp,13870,Thu Nov 02 06:50:00 +0000 2017,@118918 The resolution provided over the email is the best we can offer. I'm sorry we'll not be able to provide any further 1/2 ^SH,13872
13874,AmazonHelp,13876,Tue Oct 31 10:01:27 +0000 2017,"@118918 Thank you for letting us know, we'll get back to you soon with an update. ^BS",13874
13877,AmazonHelp,13878,Tue Oct 31 09:40:00 +0000 2017,@118918 Kindly share your details in the link given earlier and we'll be sure to help you in getting this issue resolved. ^ZH,13877
13879,AmazonHelp,13880,Tue Oct 31 09:24:28 +0000 2017,@118918 Kindly share your details here: https://t.co/GIJyeYqKE0 and I'll contact you with an update on this. ^GS,13879
13881,AmazonHelp,13882,Tue Oct 31 08:54:00 +0000 2017,@118918 Apologies for the inconvenience with policy constraint. We'll be able to assist you once service denial letter is received.^GS,13881
13883,AmazonHelp,13884,Tue Oct 31 08:25:00 +0000 2017,@118918 I get your concern.We wouldn't be able to work on the issue until we receive a service denial letter from the manufacturer.^NS,13883
13885,AmazonHelp,13888,Tue Oct 31 08:08:03 +0000 2017,"@118918 If the manufacturer refuses to honor warranty on a device, you shall receive a service denial letter for the same. ^HK",13885
13889,AmazonHelp,13892,Tue Oct 31 07:48:00 +0000 2017,@118918 without a service denial letter. Kindly try visiting your nearest service center to report it and keep us posted. 2/2 ^AB,13889
13894,AmazonHelp,13897,Tue Oct 31 06:35:00 +0000 2017,@118918 a document with the details as mentioned in the email for us to help you. Appreciate your understanding. (2/2) ^ZH,13894
13899,AmazonHelp,13900,Wed Nov 01 02:23:00 +0000 2017,@118920 You would only be able to confirm gift card balances on the account it is redeemed on. ^JP,13899
13901,AmazonHelp,13903,Wed Nov 01 02:20:27 +0000 2017,@118921 I'm so sorry! We'd like to look into our available options. Please reach us here: https://t.co/hApLpMlfHN ^AG,13901
13904,AmazonHelp,13905,Wed Nov 01 02:19:32 +0000 2017,@118922 Hola Raúl. Lamento saber de esto.Puedes contactar nuestro Servicio al Cliente en este enlace: https://t.co/beR78zMMYB ^JJ,13904
13906,AmazonHelp,13907,Wed Nov 01 02:15:00 +0000 2017,"@118924 Sorry for this trouble. If the details were shared, you must've received a correspondence from us. Please check and reply. ^HD",13906
13908,AmazonHelp,13909,Tue Oct 24 10:02:00 +0000 2017,@118924 We have received your details. We are working on it and will get back to you with an update at the earliest. ^HR,13908
13910,AmazonHelp,13911,Tue Oct 24 05:19:30 +0000 2017,"@118924 don't provide your order details, as we consider it to be personal information. Our Twitter page is public. 4/4​ ^EM",13910
13915,AmazonHelp,13919,Wed Nov 01 02:14:31 +0000 2017,"@118925 Oh no, Kathleen! We want to help. Is there an updated delivery date showing here: https://t.co/Y5jpI9gRhE ^LA",13915
13920,AmazonHelp,13916,Wed Nov 01 02:44:30 +0000 2017,"@118925 I'm sorry for the inconvenience. When you reached out to us, what options or insight did we provide? ^GM",13920
13923,AmazonHelp,13921,Wed Nov 01 02:55:53 +0000 2017,@118925 Which carrier was assigned to deliver your package today? ^TN,13923
13925,AmazonHelp,13924,Wed Nov 01 03:11:00 +0000 2017,@118925 Did we ask you to wait a certain date before we could offer alternative options? ^EZ,13925
13928,AmazonHelp,13926,Wed Nov 01 03:37:31 +0000 2017,"@118925 Late order usually arrive the next business day. If your order hasn't arrived by 8:00 PM tomorrow, please let us know. ^LR",13928
14010,AmazonHelp,14012,Thu Nov 30 20:45:04 +0000 2017,@118951 Please provide your information in the link FR provided and we'll have a team member look into this personally and reach out to you. I'm sorry for any inconvenience. ^HS,14010
14013,AmazonHelp,14011,Thu Nov 30 21:23:36 +0000 2017,"@118951 We'll ask customers to leave their totes out for pickup. However, they shouldn't be left for 10 or more days awaiting pickup. For security, we're unable to DM personal details. Once we receive your information at the link we've referenced, we can help sort this. ^RA",14013
14015,AmazonHelp,14014,Thu Nov 30 21:41:30 +0000 2017,@118951 We cannot accommodate this request via Twitter. Please send us your details using the link provided by FR. ^GR,14015
14018,AmazonHelp,14020,Thu Nov 30 20:34:29 +0000 2017,@118951 I would like to have a team member look into getting the totes picked up for you! Please add your details here: https://t.co/MoFmdEXzbY so we can help out with this! Keep us updated on the status! ^FR,14018
14021,AmazonHelp,14022,Thu Nov 30 19:30:05 +0000 2017,@118951 I'm sorry for the poor experience! Can you please tell us more about the problem you're experiencing with tote pick-up? ^WT,14021
14081,AmazonHelp,14082,Wed Nov 22 13:38:37 +0000 2017,@118976 失礼いたします、Amazonです。お知り合いからの贈り物の可能性がございますが、もしお心当たりがない場合は、確認した上でご案内いたしますので、リンクよりカスタマーサービスにお問い合わせください。https://t.co/J6YEizo6qC SM,14081
14083,AmazonHelp,14084,Wed Nov 22 13:35:33 +0000 2017,@118977 リプライ失礼いたします。予約商品をコンビニ払いでお支払いいただく場合、発売日が近付き商品が出荷準備に入りしだい、お支払い番号をお送りいたします。恐れ入りますが、今しばらくお待ちください。 https://t.co/kMoy2aLjYq HM,14083
14279,AmazonHelp,14281,Wed Nov 01 02:41:27 +0000 2017,@119036 I'm so sorry for the frustration! What was the date given in the original confirmation e-mail: https://t.co/SsPOz2ryIS? ^DG,14279
14282,AmazonHelp,14280,Wed Nov 01 05:42:51 +0000 2017,@119036 I can understand your frustration. Please reach out to us here to go over available options: https://t.co/ju0HEJTlrg ^CL,14282
14284,AmazonHelp,14286,Wed Nov 01 02:41:00 +0000 2017,@119037 I'm sorry you were charged unexpectedly! Please reach out to Amazon Pay for available options here: https://t.co/jiY13BA3fb ^JP,14284
14288,AmazonHelp,14289,Wed Nov 01 02:40:36 +0000 2017,"@119039 I so sorry for the repeated delivery problems! When you contacted UPS, what options were provided? Please keep us posted. ^CC",14288
14290,AmazonHelp,14291,Wed Nov 01 02:38:31 +0000 2017,@119040 I'm sorry! Was it shipped by Amazon or a third-party seller as seen here: https://t.co/MiIirnEONI? ^SE,14290
14292,AmazonHelp,14294,Wed Nov 01 02:36:31 +0000 2017,@119041 I'm sorry about this experience! Have we missed our initial delivery date promised in Your Orders: https://t.co/Y5jpI9gRhE ^EB,14292
14295,AmazonHelp,14293,Wed Nov 01 03:24:42 +0000 2017,@119041 I certainly understand your frustration! Who was the carrier for these orders? Please check here: https://t.co/Y5jpI9gRhE ^BE,14295
14299,AmazonHelp,14298,Wed Nov 01 03:56:26 +0000 2017,@119041 We'd like to take a closer look to see what we can do. Please reach out with more information here: https://t.co/AdBZ9CgtFD ^DG,14299
14301,AmazonHelp,14303,Wed Nov 01 02:35:00 +0000 2017,@119042 I'm sorry for the trouble! We'd like to review available options with you. Please reach out to us here: https://t.co/hApLpMlfHN ^LJ,14301
14844,AmazonHelp,14845,Wed Nov 01 02:58:00 +0000 2017,@119211 We're always looking for ways to improve! Please send feedback/requests following the steps here: https://t.co/1m7DbSYzxa ^SH,14844
14846,AmazonHelp,14847,Wed Nov 01 02:55:00 +0000 2017,@119212 店頭受取の認証番号が、発行されませんか？ 配送情報更新後、認証番号発行までには、お時間がかかる場合もございます。発行まで、お待ちくださいませ。なお、発行されない場合は、下記よりご連絡ください。https://t.co/bwBU0NvYIn TY,14846
14848,AmazonHelp,14849,Wed Nov 01 02:49:32 +0000 2017,@119213 リプライありがとうございます。 最近、Amazonを騙るフィッシングが増えているようでございますので、ご注意くださいませ(*´︶`*) TY,14848
14850,AmazonHelp,14851,Wed Nov 01 02:44:30 +0000 2017,@119213 (*´-`).｡oO(ご存知かと思いますが、当サイトからのご請求ではございませんので、ご連絡されませんように。。) また、携帯大手3社をご利用の場合には、迷惑メール対策として、申告窓口を設置しています。今後受信しないためにも、各窓口へご申告ください。TY,14850
14852,AmazonHelp,14855,Wed Nov 01 02:49:32 +0000 2017,"@119214 Please don't provide your order details, we consider it to be personal information. Our page is visible to the public. ^SC",14852
14856,AmazonHelp,14853,Sat Nov 04 19:11:00 +0000 2017,"@119214 Thank you for sharing your details, Dhinesh. We'll check your concern and reach you soon. ^VG",14856
14857,AmazonHelp,14855,Wed Nov 01 02:49:32 +0000 2017,@119214 Apologies for the ordeal.I’d like to help you; please fill this form: https://t.co/beaaDm0muc and I’ll contact you soon. ^SC,14857
14858,AmazonHelp,14859,Wed Nov 01 02:48:40 +0000 2017,@119215 こんにちわ。Amazonです。 最近、Amazonを騙るフィッシングが増えているようでございます。身に覚えのないメールに連絡や、個人情報の登録等をいただかないようお気を付けください。TY,14858
15138,AmazonHelp,15140,Thu Nov 30 20:45:03 +0000 2017,@119301 Oh no! I'm so sorry we've let you down! Were we able to offer any options when you reached out? ^JO,15138
15267,AmazonHelp,15268,Wed Nov 01 03:11:00 +0000 2017,@119350 Please fill in your details using the link: https://t.co/JzRdscmdH9 and I'll get in touch with you soon. ^AK (2/2),15267
15271,AmazonHelp,15272,Wed Nov 01 03:10:30 +0000 2017,"@119352 Please share your details in the link provided above, we'll check the issue and assist you accordingly. (2/2) ^KA",15271
15274,AmazonHelp,15275,Tue Oct 31 05:35:55 +0000 2017,@119352 I'd like to help. Please write to us here: https://t.co/GIJyeYqKE0 and I'll reach out to you. ^SA,15274
15276,AmazonHelp,15277,Mon Oct 30 12:09:28 +0000 2017,@119352 Apologies. We'd like to check this for you. Kindly contact us here : https://t.co/GRw1yCHukd.^SY,15276
15278,AmazonHelp,15279,Wed Nov 01 03:10:01 +0000 2017,"@119353 Please don’t provide your order details, we consider them as personal information. Our Twitter page is visible to public. ^VM",15278
15280,AmazonHelp,15279,Wed Nov 01 03:10:00 +0000 2017,@119353 That's strange. Let us help you out here. Please drop your details here: https://t.co/TjZa6SQ9Hz (1/2) ^VM,15280
15273,AmazonHelp,15272,Wed Nov 01 03:10:00 +0000 2017,@119352 Sorry to know about the delay with the order. It isn't possible for us to view your order/account via Twitter. (1/2) ^KA,15273
15283,AmazonHelp,15282,Wed Nov 01 04:28:31 +0000 2017,@119352 Please don’t provide your order details as we consider them to be personal info. Our Twitter page is visible to public. ^JC,15283
15284,AmazonHelp,15282,Wed Nov 01 04:28:00 +0000 2017,@119352 We'll not be able to check the details of your order via Twitter. Please fill in the same in the link provided. ^JC,15284
15281,AmazonHelp,15279,Wed Nov 01 03:10:00 +0000 2017,@119353 so that we can get in touch with you. (2/2) ^VM,15281
15269,AmazonHelp,15268,Wed Nov 01 03:09:00 +0000 2017,@119350 Apologies for the trouble with the delivery of the order. I'd like to take a closer look at this. ^AK (1/2),15269
15285,AmazonHelp,15286,Wed Nov 01 03:09:00 +0000 2017,@119354 I'm sorry your suit didn't arrive before Halloween. Did we miss the delivery date shown here: https://t.co/Y5jpI9gRhE? ^EA,15285
15287,AmazonHelp,15288,Wed Nov 01 03:08:40 +0000 2017,@119355 : https://t.co/r8OjOjMdND and we'll look into this for you. (2/2) ^VM,15287
15289,AmazonHelp,15288,Wed Nov 01 03:08:40 +0000 2017,@119355 We understand you are yet to receive your order. Let us investigate this further. Please reach us via (1/2) ^VM,15289
15293,AmazonHelp,15294,Wed Nov 01 03:00:08 +0000 2017,@119357 ご心配をおかけしております。 お届け予定日の最終日を経過している場合は、状況を確認させていただければと存じます。 よろしければ、下記URLよりご連絡ください。https://t.co/J6YEizo6qC TY,15293
15295,AmazonHelp,15297,Wed Nov 01 03:00:00 +0000 2017,@119358 That's quite a comment. Could you let us know if you have received an email from our team here https://t.co/8DAc10S7ww? ^VM,15295
15298,AmazonHelp,15296,Wed Nov 01 03:40:26 +0000 2017,@119358 Sorry to know about that. Kindly reply to the email and we'll get in touch with an update. Appreciate your patience. ^AK,15298
15300,AmazonHelp,15299,Wed Nov 01 18:00:00 +0000 2017,@119358 Thank you for confirming. You should hear an update from us soon. Keep an eye on your mailbox. ^MP,15300
15301,AmazonHelp,15302,Sun Oct 29 17:20:34 +0000 2017,@119358 Thanks for the heads up! We'll check this and get back with an update soon. ^YP,15301
15303,AmazonHelp,15304,Sun Oct 29 16:48:29 +0000 2017,"@119358 We'd like to investigate this, please share your details here: https://t.co/cQVomR1pWz with detailed info. ^HA",15303
15305,AmazonHelp,15306,Wed Nov 01 02:59:35 +0000 2017,"@118710 I'm sorry for the inconvenience. Please see here: https://t.co/3gp9Udo7j5, for more info on accessing your invoice. ^LM",15305
15441,AmazonHelp,15444,Thu Nov 30 20:45:01 +0000 2017,@119403 Please let us know if doesn't arrive by Friday! We'd like to help! ^ZW,15441
15445,AmazonHelp,15442,Fri Dec 01 14:07:39 +0000 2017,"@119403 While we can't access order or account details through social media, we'd still like to help! Please reach us directly via phone or chat so we can investigate: https://t.co/JzP7hlA23B ^CS",15445
15446,AmazonHelp,15447,Thu Nov 30 20:36:01 +0000 2017,@119403 I'm sorry for the delay! Have we provided an updated delivery estimate for your order? Please check here: https://t.co/mm84Ic925f ^MB,15446
15666,AmazonHelp,15668,Wed Nov 01 03:26:00 +0000 2017,@119446 The results will be announced soon. Kindly stay tuned for updates. ^AK,15666
15670,AmazonHelp,15672,Wed Nov 01 03:26:00 +0000 2017,@119447 I'm sorry your Kindle hasn't arrived! Can you tell us the current tracking status? https://t.co/Y5jpI9gRhE ^EZ,15670
15673,AmazonHelp,15671,Wed Nov 01 10:56:30 +0000 2017,"@119447 Oh my! Just to clarify, can you tell us who the carrier of this order is? ^AL",15673
15675,AmazonHelp,15674,Wed Nov 01 11:53:03 +0000 2017,@119447 We'd like to look further into this. Please click the link and fill out the secure form:https://t.co/pM8TpjfEq6 ^EM,15675
15677,AmazonHelp,15678,Wed Nov 01 03:23:24 +0000 2017,@119448 get back to you on this. 2/2 ^SH,15677
15679,AmazonHelp,15678,Wed Nov 01 03:22:55 +0000 2017,@119448 Sorry to know the shipment hasn't been delivered yet. Please reply to the email received from us and we shall 1/2 ^SH,15679
15680,AmazonHelp,15681,Wed Nov 01 03:22:30 +0000 2017,"@119449 I'm so sorry for the account trouble! Have you received an e-mail regarding this issue? If so, please reply to it for more info. ^CC",15680
15682,AmazonHelp,15683,Wed Nov 01 03:20:34 +0000 2017,@119450 ご心配をおかけしております。注文履歴に記載のお届け予定日を過ぎている場合、発送元をご確認の上、それぞれの方法でお問い合わせください。アマゾン発送→https://t.co/NtNAX37Sr4 出品者発送→https://t.co/en9LCJIPPS ET,15682
15684,AmazonHelp,15686,Wed Nov 01 03:19:34 +0000 2017,"@119451 number. Also, please don't provide order details, we consider it to be personal info. Our page is visible to the public.(2/2)^SF",15684
15687,AmazonHelp,15685,Wed Nov 01 03:38:00 +0000 2017,@119451 Please share your detail here: https://t.co/GIJyeYqKE0 and I'll be glad to help you with an update about the refund. ^KA,15687
15689,AmazonHelp,15688,Sat Nov 04 11:53:54 +0000 2017,@119451 You should have received a correspondence from our social media team. Kindly check here: https://t.co/8DAc10S7ww and reply. ^MN,15689
15691,AmazonHelp,15692,Mon Oct 30 09:50:02 +0000 2017,@119451 Sorry for the delay. Have you received the refund reference number? ^NS,15691
15690,AmazonHelp,15686,Wed Nov 01 03:19:34 +0000 2017,@119451 This being a social platform we can not access your account info. Please confirm if you've received the refund reference(1/2)^SF,15690
15693,AmazonHelp,15694,Wed Nov 01 03:19:00 +0000 2017,"@119452 Please don't provide your order details, we consider it personal information. Our Twitter page is visible to public. ^AK 3/3",15693
15697,AmazonHelp,15698,Mon Oct 30 07:40:00 +0000 2017,@119452 Sorry for the delay in pickup. Kindly contact us here: https://t.co/rS49hgaADF and we'll get the pick up done. ^SY,15697
15699,AmazonHelp,15700,Mon Oct 30 05:56:52 +0000 2017,@119452 You may track your refunds using the link: https://t.co/LjYILTJREp. Please keep us posted. ^GS,15699
15695,AmazonHelp,15694,Wed Nov 01 03:18:28 +0000 2017,@119452 Please fill in your details using the link: https://t.co/JzRdscmdH9 and I'll get in touch with you soon. ^AK (2/3),15695
15702,AmazonHelp,15701,Wed Nov 01 04:26:43 +0000 2017,@119452 Thanks for the update. If you've filled in your details our teams will reach out to you soon. ^VM,15702
15703,AmazonHelp,15704,Wed Nov 01 03:18:27 +0000 2017,@119453 I'm sorry for the frustration. Who was the carrier for this delivery? You can check here: https://t.co/Y5jpI9gRhE ^EA,15703
15696,AmazonHelp,15694,Wed Nov 01 03:18:00 +0000 2017,@119452 Apologies for the trouble with the pick up of the order. I'd like to take a closer look at this. ^AK (1/3),15696
15705,AmazonHelp,15707,Wed Nov 01 03:15:29 +0000 2017,@119454 We'd like to help you with the cash back. Kindly get in touch with our support team here: https://t.co/rS49hgaADF ^AK,15705
15708,AmazonHelp,15709,Wed Nov 01 03:15:29 +0000 2017,@119455 I'm very sorry for the delay. Please keep us posted on the arrival. We want to make sure you get your order. ^TN,15708
16094,AmazonHelp,16095,Wed Nov 01 03:44:00 +0000 2017,@119530 アマゾンです。年会費請求後からプライム特典のご利用がなければ退会手続きいただければ年会費を返金いたします。お手続き方法はこちらをご参照ください。https://t.co/qKnXZ15CCV ET,16094
16096,AmazonHelp,16097,Wed Nov 01 03:44:00 +0000 2017,"@119531 The link to the item can be tweeted to us here, or reviewed here: https://t.co/hApLpMlfHN ^QJ",16096
16098,AmazonHelp,16099,Wed Nov 01 03:07:00 +0000 2017,@119531 We recommend removing this photo as it contains personal info. Will you share a link to this item so we can look into this? ^SY,16098
16100,AmazonHelp,16101,Wed Nov 01 03:42:29 +0000 2017,@119532 Thanks for keeping us posted. I'll pass along your comments to our team and we'll work on this. ^GK,16100
16102,AmazonHelp,16103,Wed Nov 01 03:41:33 +0000 2017,@119533 get back to you. Please don’t provide your details as we consider them to be personal information. Our page is public. 2/2 ^SH,16102
16104,AmazonHelp,16103,Wed Nov 01 03:41:00 +0000 2017,@119533 I'd like to look into the issue and set things right. Please provide your details here: https://t.co/qXx9jEknlQ and 1/2 ^SH,16104
16108,AmazonHelp,16110,Wed Nov 01 03:39:08 +0000 2017,@119534 I'm sorry for any inconvenience! Can you tell us when your order is due to arrive? ^EZ,16108
16111,AmazonHelp,16109,Wed Nov 01 03:59:29 +0000 2017,@119534 Orders can ship at any time; once the order has been processed it will be assigned a tracking number. ^LR,16111
16113,AmazonHelp,16112,Wed Nov 01 04:11:24 +0000 2017,@119534 Please keep us posted as we want to make sure your order arrives! ^AG,16113
16114,AmazonHelp,16115,Wed Nov 01 03:38:06 +0000 2017,@119535 I'm sorry about the experience. Kindly share your details here: https://t.co/beaaDm0muc and we'll check. ^GK,16114
16116,AmazonHelp,16117,Wed Nov 01 03:32:07 +0000 2017,@119535 time frame has passed and you haven't received any update or if you aren't satisfied with seller's reply then you may file 2/n ^SH,16116
16118,AmazonHelp,16117,Wed Nov 01 03:32:36 +0000 2017,@119535 the A-z guarantee claim. You can know more about A-z guarantee claim here: https://t.co/cly38I8avX 3/3 ^SH,16118
16119,AmazonHelp,16117,Wed Nov 01 03:31:46 +0000 2017,"@119535 Sorry to know the seller hasn't responded to your query. Generally, the seller's respond with in 2 business days if this 1/n ^SH",16119
16120,AmazonHelp,16122,Wed Nov 01 03:30:28 +0000 2017,@119536 here: https://t.co/beaaDm0muc and I’ll contact you soon. 2/2 ^AH,16120
16124,AmazonHelp,16125,Sat Oct 14 03:57:00 +0000 2017,@119536 Seems like you've had an unpleasant experience. Could you elaborate so that we could assist you accordingly? ^ST,16124
16123,AmazonHelp,16122,Wed Nov 01 03:30:27 +0000 2017,"@119536 I'm sorry for the unpleasant experience, I'd like to look into this closely. Kindly drop in your details 1/2 ^AH",16123
16106,AmazonHelp,16105,Wed Nov 01 03:29:53 +0000 2017,@119533 I'm sorry to know about the conflicting tracking update. Have you reported this to our team here: https://t.co/vlvfJrlYEH ? ^GK,16106
16417,AmazonHelp,16420,Wed Nov 01 03:57:45 +0000 2017,@119617 I'm sorry you still haven't received the order. Was there any update on the tracking here: https://t.co/PyACxvY8Qo ^LA,16417
16421,AmazonHelp,16418,Wed Nov 01 04:22:01 +0000 2017,@119617 Who is the courier shown on the tracking info? Have you contacted the courier? ^LJ,16421
16423,AmazonHelp,16422,Wed Nov 01 17:08:00 +0000 2017,"@119617 Please let us know if you do not receive your order, or an update, today so we may contact the carrier on your behalf. ^WM",16423
16425,AmazonHelp,16426,Wed Nov 01 03:55:28 +0000 2017,"@119618 If Alexa doesn't discover your smart home device, here are some solutions to try: https://t.co/4WOgoyFtgG Hope this helps! ^NN",16425
16427,AmazonHelp,16428,Wed Nov 01 03:55:24 +0000 2017,@119619 I'm sorry it's been delayed. We'd like to look into this. Please send details about this order here: https://t.co/Wze1ktETWY. ^LH,16427
16429,AmazonHelp,16433,Wed Nov 01 03:54:00 +0000 2017,@119620 Sorry to know about the delivery issue. Did we happen to miss estimate as mentioned here: https://t.co/ykWpCt0ely ?^KA,16429
16434,AmazonHelp,16432,Wed Nov 01 04:32:00 +0000 2017,@119620 so that we can get in touch with you. (2/2) ^VM,16434
16435,AmazonHelp,16432,Wed Nov 01 04:31:24 +0000 2017,@119620 I'm sorry to hear that. Let us investigate this further. Please drop your details here: https://t.co/XjZU0Q7U2F (1/2) ^VM,16435
16438,AmazonHelp,16436,Wed Nov 01 04:56:29 +0000 2017,"@119620 Please don't provide your order details, as we consider it to be personal information. Our Twitter page is public.​ ^RW",16438
16439,AmazonHelp,16436,Wed Nov 01 04:56:00 +0000 2017,@119620 We cannot check your order details here. Kindly fill in the form for further assistance on it. ^RW,16439
16440,AmazonHelp,16442,Wed Nov 01 03:53:00 +0000 2017,@119621 I apologize that we missed the mark. What is the most recent tracking update? You can find that here: https://t.co/Y5jpI9gRhE? ^BA,16440
16445,AmazonHelp,16443,Wed Nov 01 04:51:53 +0000 2017,@119621 Unforeseen circumstances can cause delays and we appreciate your patience while we are working to get your packages delivered. ^TN,16445
16446,AmazonHelp,16448,Wed Nov 01 03:53:00 +0000 2017,@119622 こんにちは、お問い合わせありがとうございます。ギフト券をチャージ済みの場合、コード入力は不要です。次に進めないとのことであれば、金額が不足している可能性がございます。出品者発送ですと別途送料が発生したり、お急ぎ便の代金が加算されているということはございませんか。ET,16446
16449,AmazonHelp,16447,Wed Nov 01 10:22:57 +0000 2017,@119622 リプライありがとうございます。問題が解決したとのことで安心いたしました。これからもhttps://t.co/st4oU5QbhPをどうぞよろしくお願いいたします。TN,16449
16450,AmazonHelp,16451,Wed Nov 01 03:48:30 +0000 2017,"@119623 I'm so sorry your flowers were damaged! Please reach us here: https://t.co/hApLpMlfHN, so we can find available options. ^NS",16450
16452,AmazonHelp,16454,Wed Nov 01 03:48:30 +0000 2017,@119624 where we highlight the latest movies and TV shows we have available. (2/2)^SF,16452
16455,AmazonHelp,16454,Wed Nov 01 03:48:30 +0000 2017,@119624 We will continue to add new content. Keeping checking https://t.co/FYM9PIZOR8 (1/2)^SF,16455
16460,AmazonHelp,16461,Wed Nov 01 03:47:40 +0000 2017,@119626 I'm sorry for the unexpected package! Please reach us here: https://t.co/hApLpMlfHN for available options. ^BT,16460
16462,AmazonHelp,16107,Wed Nov 01 03:47:40 +0000 2017,@119533 it to be personal information. Our page is visible to the public. 3/3^AR,16462
16465,AmazonHelp,16467,Wed Nov 01 03:47:35 +0000 2017,@119627 That's a great question! You can learn more on how to turn on Audio Descriptions here: https://t.co/qiN8mb0MXN ^SE,16465
16468,AmazonHelp,16466,Thu Nov 02 21:59:31 +0000 2017,@119627 I'm sorry the link didn't work. You can view the list of Audio Descriptions by clicking here: https://t.co/M37Heh3Uak ^AY,16468
16469,AmazonHelp,16470,Wed Nov 01 03:47:35 +0000 2017,@119628 https://t.co/r8OjOjMdND and we'll look into this for you. (2/2) ^VM,16469
16463,AmazonHelp,16107,Wed Nov 01 03:47:34 +0000 2017,"@119533 form: https://t.co/beaaDm0muc . I'll look into it right away. Please don't provide your order details, we consider 2/3^AR",16463
16464,AmazonHelp,16107,Wed Nov 01 03:47:34 +0000 2017,@119533 I'm sorry you've not received your order. I'd like to investigate this and assist you with the issue. Please fill this 1/3 ^AR,16464
16472,AmazonHelp,16474,Wed Nov 01 03:47:34 +0000 2017,@119449 I'm sorry for the trouble! You can dial +1-206-266-2992 to reach us internationally. ^BT,16472
16471,AmazonHelp,16470,Wed Nov 01 03:47:00 +0000 2017,@119628 That's strange. I'm sorry for the experience. Let us check this out for you. Please reach us via: (1/2) ^VM,16471
16475,AmazonHelp,16477,Wed Nov 01 03:45:36 +0000 2017,@119629 credentials. Click on Settings and set country to India. 2/2 ^SH,16475
16478,AmazonHelp,16476,Wed Nov 01 04:36:07 +0000 2017,@119629 Please connect with our support team here: https://t.co/2t6DQoUmNZ for further assistance on it. ^RW,16478
16479,AmazonHelp,16477,Wed Nov 01 03:45:00 +0000 2017,@119629 Request you to change the country settings. Please click here:https://t.co/crghASQyRX. Login with your amazon 1/2 ^SH,16479
16755,AmazonHelp,16758,Wed Nov 01 04:13:51 +0000 2017,"@119697 This isn't how we want you to feel. We'd like to help, if possible. Please let us know more about what's going. ^BH",16755
16759,AmazonHelp,16757,Wed Nov 01 04:39:00 +0000 2017,"@119697 I'm sorry for the trouble. Generally, the bank can issue a refund to the new active card on file. Please keep us updated. ^LR",16759
16761,AmazonHelp,16764,Wed Nov 01 04:11:00 +0000 2017,@119698 I'm sorry for the poor experience! Will you tell us more about the issue and what info or options we were able to provide? ^BN,16761
16765,AmazonHelp,16762,Thu Nov 02 04:21:25 +0000 2017,"@119698 We can't access your account via Twitter. Without providing personal info, will you please tell us what's going on? ^TN",16765
16772,AmazonHelp,16767,Thu Nov 02 18:26:26 +0000 2017,@119698 I'd like to have a member of my team look into this with you! Please submit your information here: https://t.co/HO8C5vgcgW ^ME,16772
16773,AmazonHelp,16774,Wed Nov 01 04:09:25 +0000 2017,"@119699 Echo lets you play music from services like Amazon Prime Music, Saavn and TuneIn. ^GK",16773
16775,AmazonHelp,16776,Wed Nov 01 04:06:37 +0000 2017,@119700 You're most welcome. Glad to know that refund has been credited. Have a great day ahead! ^AR,16775
16777,AmazonHelp,16778,Wed Oct 25 17:10:06 +0000 2017,"@119700 Apologies. I understand waiting could be tiresome but rest assured, the concerned team is working on a resolution for you. ^MK",16777
16779,AmazonHelp,16780,Tue Oct 24 12:22:10 +0000 2017,@119700 Request you to check for our response using this link: https://t.co/DTSNmGldJf ^SK,16779
16781,AmazonHelp,16782,Tue Oct 24 11:47:45 +0000 2017,@119700 Did you receive our email on your revert? ^HK,16781
16783,AmazonHelp,16784,Tue Oct 17 11:07:00 +0000 2017,"@119700 As you have provided your details, we have our team working on your issue, Gautam. (1/2)^SF",16783
16786,AmazonHelp,16788,Mon Oct 16 05:18:55 +0000 2017,@119700 We are right on it! We'll get back to you soon. ^AG,16786
16789,AmazonHelp,16790,Mon Oct 16 04:59:29 +0000 2017,@119700 That's strange. Kindly write back to the email received and we'll check this out for you. ^VM,16789
16791,AmazonHelp,16792,Mon Oct 16 04:28:59 +0000 2017,"@119700 You must have received a correspondence to your registered email address, request you to check the same. ^SH",16791
16793,AmazonHelp,16794,Sat Oct 14 10:50:32 +0000 2017,@119700 Apologies for the bad experience. Thanks for sharing your details. We'll get in touch with you. Appreciate your patience. ^AK,16793
16795,AmazonHelp,16796,Sat Oct 14 08:01:28 +0000 2017,@119700 I'm sorry for the trouble. Please fill this form: https://t.co/beaaDm0muc and we’ll contact you at the earliest. ^AU,16795
16797,AmazonHelp,16799,Wed Nov 01 04:05:28 +0000 2017,@119701 We have sent a correspondence to your registered email ID. Please check and reply.^AH,16797
16800,AmazonHelp,16798,Wed Nov 01 10:22:57 +0000 2017,@119701 Sorry about that Aadil. Please respond to this email and we'll check this for you. ^HN,16800
16802,AmazonHelp,16801,Wed Nov 01 12:16:00 +0000 2017,@119701 Please don’t provide your details as we consider them to be personal information. Our Twitter page is visible to public. ^YP,16802
16806,AmazonHelp,16805,Thu Nov 02 18:52:31 +0000 2017,@119701 Could you please let us know if you had received any email stating the package was going to be shipped by 7th ? ^KS,16806
16807,AmazonHelp,16805,Thu Nov 02 18:51:25 +0000 2017,"@119701 That is unusual, Aadil. Looking at the image, I see that the package will be delivered between 3rd to 6th November. ^KS 1/2",16807
16809,AmazonHelp,16808,Fri Nov 03 03:53:00 +0000 2017,@119701 details here: https://t.co/GIJyeYqKE0 and I'll get back to you. (3/3) ^KA,16809
16814,AmazonHelp,16813,Fri Nov 03 16:06:45 +0000 2017,"@119701 Aadil, please reply to the email you've received from our team so that we can assist you accordingly. ^MS",16814
16816,AmazonHelp,16815,Fri Nov 03 18:25:32 +0000 2017,"@119701 In that case, please fill in the form again here: https://t.co/GIJyeYqKE0 and we'll reach out to you. ^VN",16816
16818,AmazonHelp,16817,Tue Nov 07 09:31:00 +0000 2017,@119701 Our team has sent you a correspondence. Kindly check it here: https://t.co/8DAc10S7ww ^AP,16818
16810,AmazonHelp,16808,Fri Nov 03 03:52:37 +0000 2017,@119701 account via Twitter. Please reply to the email you've received from our team or kindly resubmit your (2/3) ^KA,16810
16811,AmazonHelp,16808,Fri Nov 03 03:52:10 +0000 2017,@119701 Sorry to know about the delay with the order. I understand you wish to cancel the order. We can't gain access to your (1/3) ^KA,16811
16803,AmazonHelp,16801,Wed Nov 01 12:14:31 +0000 2017,@119701 with your preference and we'll get back. (2/2)^YP,16803
16804,AmazonHelp,16801,Wed Nov 01 12:14:00 +0000 2017,"@119701 I'm afraid we haven't received your write-back to us, Aadil. Please respond to our latest correspondence (1/2)",16804
16819,AmazonHelp,16820,Tue Oct 31 06:36:29 +0000 2017,"@119701 I'd like to take a closer look into this, please share your details here: https://t.co/GIJyeYqKE0. ^AG",16819
16821,AmazonHelp,16822,Mon Oct 30 10:11:00 +0000 2017,@119701 Sorry for the delay. I'll be sure to pass on your feedback. Kindly wait until the mentioned time frame. Do keep us posted. ^AK,16821
16823,AmazonHelp,16824,Mon Oct 30 09:39:38 +0000 2017,@119701 Apologies for the delay. Have you reported this to our support team here: https://t.co/vlvfJr4nN9? ^RB,16823
16825,AmazonHelp,16827,Wed Nov 01 04:04:00 +0000 2017,"@119702 Two-Day Shipping refers to transit time, in business days, once shipped. Did we miss our mark? https://t.co/0oSkv5Jwgq ^BE",16825
16828,AmazonHelp,16826,Wed Nov 01 11:58:53 +0000 2017,@119702 What was the estimated delivery date provided in the order confirmation e-mail? ^MJ,16828
16830,AmazonHelp,16829,Wed Nov 01 12:03:28 +0000 2017,@119702 My apologies. What is the latest update on the tracking?: https://t.co/Y5jpI9gRhE ^PK,16830
16832,AmazonHelp,16831,Wed Nov 01 12:07:33 +0000 2017,"@119702 Hey, get in touch with us here: https://t.co/JzP7hlA23B so we can help you out ^KM",16832
16833,AmazonHelp,16834,Wed Nov 01 04:01:00 +0000 2017,@119703 We would be unable to reach out to you from here. Kindly write back to the email sent by our team (1/2) ^VM,16833
16836,AmazonHelp,16837,Tue Oct 31 18:52:37 +0000 2017,@119703 Apologies. Request you to reply to our email correspondence for further assistance and we'll look into this. ^MK,16836
16838,AmazonHelp,16841,Sun Oct 22 05:42:32 +0000 2017,"@119703 sent by our team and request for a phone call. Once you do so, our team will get back to you through phone soon. 2/2 ^RS",16838
16843,AmazonHelp,16844,Sat Oct 21 14:43:36 +0000 2017,@119703 further assistance as we wouldn't have the access to your account from here. Appreciate your understanding. 2/2 ^NK,16843
16846,AmazonHelp,16847,Sat Oct 21 14:20:00 +0000 2017,@119703 Kindly revert to our email correspondence with further query on this and we'll be happy to take it over from there. ^AB,16846
16848,AmazonHelp,16849,Fri Oct 20 19:49:29 +0000 2017,@119703 We've made a note of your comments and passed it along to the concerned team. We'd appreciate your understanding. ^MA,16848
16850,AmazonHelp,16851,Fri Oct 20 19:20:01 +0000 2017,"@119703 As informed in the email, please be assured that appropriate actions will be taken for improvement. ^NR",16850
16852,AmazonHelp,16853,Thu Oct 19 11:19:00 +0000 2017,"@119703 As you've shared your details, we'll work on it and get back to you at the earliest. ^HN",16852
16854,AmazonHelp,16855,Thu Oct 19 10:55:39 +0000 2017,@119703 Please share your details in the above link Anurag and we'll check this for you. ^HN,16854
16856,AmazonHelp,16859,Thu Oct 19 08:25:00 +0000 2017,@119703 email correspondence from our team. Kindly check the same and revert. 2/2 ^MM,16856
16861,AmazonHelp,16862,Thu Oct 19 06:06:10 +0000 2017,@119703 I'm sure our team would reach out to you soon. (2/2) ^VM,16861
16864,AmazonHelp,16866,Thu Oct 19 04:10:00 +0000 2017,"@119703 Please don't provide your order details, we consider it to be personal information. Our page is visible to the public.^SF",16864
16869,AmazonHelp,16870,Wed Oct 18 20:30:13 +0000 2017,"@119703 Apologies for the situation, Anurag. Please share your details here: https://t.co/GIJyeYqKE0 I'll reach &amp; assist. ^SV",16869
16872,AmazonHelp,16873,Wed Oct 18 20:10:34 +0000 2017,"@119703 Be assured, we've shared your comments with internal teams for review and to improve our services. (2/2) ^SV",16872
16875,AmazonHelp,16877,Wed Oct 18 19:43:27 +0000 2017,"@119703 However, you need to adhere to guidelines here: https://t.co/jimvgYJFRD to post review. (2/2) ^SV",16875
